,createdAt,platformCode,channelCode,deviceCategory,total,delivery,revenue,quantity
0,2020-01-02,AdWords,adwords_bra,desktop,1976,232,1686,4
1,2020-01-02,AdWords,adwords_bra,mobile,4129,257,3895,7
2,2020-01-02,AdWords,adwords_pla,desktop,50286,2521,48269,119
3,2020-01-02,AdWords,adwords_pla,mobile,13214,953,12149,16
4,2020-01-02,AdWords,adwords_pla,tablet,338,116,187,1
5,2020-01-02,AdWords,adwords_rem,desktop,3125,373,2681,8
6,2020-01-02,HeurekaCz,heureka,desktop,16256,1031,15131,4
7,2020-01-02,RtbHouse,rtbhouse,mobile,1234,116,1082,1
8,2020-01-02,Silverpop,emailing,desktop,49622,2338,48495,66
9,2020-01-02,Silverpop,emailing,mobile,5359,400,5118,7
10,2020-01-02,Sklik,sklik_bra,desktop,11075,489,11119,45
11,2020-01-02,Sklik,sklik_sea,desktop,2348,116,2196,3
12,2020-01-02,Sklik,sklik_sea,mobile,3758,116,3871,3
13,2020-01-02,ZboziCz,zbozi,desktop,996,116,845,1
21,2020-01-03,AdWords,adwords_bra,desktop,31193,464,31209,26
22,2020-01-03,AdWords,adwords_bra,mobile,275,0,275,2
23,2020-01-03,AdWords,adwords_bra,tablet,3678,116,3561,9
24,2020-01-03,AdWords,adwords_pla,desktop,26764,1185,25484,30
25,2020-01-03,AdWords,adwords_pla,mobile,18964,1376,18019,18
26,2020-01-03,AdWords,adwords_rem,tablet,697,116,546,4
27,2020-01-03,RtbHouse,rtbhouse,desktop,3106,232,2815,7
28,2020-01-03,Silverpop,emailing,desktop,91595,3880,90074,110
29,2020-01-03,Silverpop,emailing,mobile,2007,141,1831,4
30,2020-01-03,Silverpop,emailing,tablet,13025,611,13183,12
31,2020-01-03,Sklik,sklik_bra,desktop,20404,913,20764,14
32,2020-01-03,Sklik,sklik_bra,mobile,961,116,845,1
33,2020-01-03,Sklik,sklik_sea,tablet,1324,116,1173,2
40,2020-01-04,AdWords,adwords_bra,desktop,4648,432,4168,10
41,2020-01-04,AdWords,adwords_bra,mobile,1827,116,1757,2
42,2020-01-04,AdWords,adwords_pla,desktop,4317,605,3686,9
43,2020-01-04,AdWords,adwords_pla,mobile,24919,1674,23825,16
44,2020-01-04,AdWords,adwords_pla,tablet,338,116,187,1
45,2020-01-04,AdWords,adwords_rem,desktop,2537,141,2407,2
46,2020-01-04,RtbHouse,rtbhouse,desktop,16773,837,15914,29
47,2020-01-04,RtbHouse,rtbhouse,mobile,10060,141,10588,7
48,2020-01-04,Silverpop,emailing,desktop,84424,3812,83870,62
49,2020-01-04,Silverpop,emailing,mobile,993,141,816,1
50,2020-01-04,Silverpop,emailing,tablet,3676,259,3612,2
51,2020-01-04,Sklik,sklik_bra,desktop,2004,257,1756,9
52,2020-01-04,Sklik,sklik_bra,mobile,2639,116,2533,4
53,2020-01-04,Sklik,sklik_bra,tablet,614,116,463,1
54,2020-01-04,Sklik,sklik_pla,desktop,1873,232,1604,6
55,2020-01-04,ZboziCz,zbozi,desktop,1996,141,1873,2
62,2020-01-05,AdWords,adwords_bra,desktop,18896,464,19140,28
63,2020-01-05,AdWords,adwords_bra,mobile,3058,116,2987,3
64,2020-01-05,AdWords,adwords_bra,tablet,7501,232,7473,9
65,2020-01-05,AdWords,adwords_pla,desktop,11008,952,10009,14
66,2020-01-05,AdWords,adwords_pla,mobile,6580,1276,5124,15
67,2020-01-05,AdWords,adwords_pla,tablet,18542,488,19072,14
68,2020-01-05,AdWords,adwords_rem,mobile,1055,116,904,1
69,2020-01-05,RtbHouse,rtbhouse,desktop,12527,605,11862,17
70,2020-01-05,RtbHouse,rtbhouse,mobile,3458,316,3071,2
71,2020-01-05,Silverpop,emailing,desktop,48242,2389,46901,67
72,2020-01-05,Silverpop,emailing,mobile,7194,432,6933,9
73,2020-01-05,Sklik,sklik_bra,desktop,3357,232,3135,7
74,2020-01-05,Sklik,sklik_bra,mobile,34664,1313,36221,10
75,2020-01-05,Sklik,sklik_pla,tablet,1558,116,1452,10
76,2020-01-05,Sklik,sklik_rem,tablet,1327,0,1327,1
77,2020-01-05,ZboziCz,zbozi,desktop,1968,257,1653,6
78,2020-01-05,ZboziCz,zbozi,mobile,521,116,369,2
85,2020-01-06,AdWords,adwords_bra,desktop,84188,3073,84833,145
86,2020-01-06,AdWords,adwords_bra,mobile,4134,232,3831,11
87,2020-01-06,AdWords,adwords_pla,desktop,22763,1392,21367,25
88,2020-01-06,AdWords,adwords_pla,mobile,38395,2151,36689,42
89,2020-01-06,AdWords,adwords_rem,desktop,1552,116,1401,1
90,2020-01-06,AdWords,adwords_sea,desktop,243,116,92,2
91,2020-01-06,HeurekaCz,heureka,desktop,10067,316,9715,2
92,2020-01-06,RtbHouse,rtbhouse,desktop,9831,457,9649,14
93,2020-01-06,Silverpop,emailing,desktop,44444,1880,43608,67
94,2020-01-06,Silverpop,emailing,mobile,5645,232,5387,6
95,2020-01-06,Silverpop,emailing,tablet,2527,116,2421,6
96,2020-01-06,Sklik,sklik_bra,desktop,22716,464,23436,21
97,2020-01-06,Sklik,sklik_pla,desktop,1184,116,1033,2
98,2020-01-06,Sklik,sklik_rem,mobile,5276,141,5329,43
99,2020-01-06,Sklik,sklik_sea,desktop,3806,116,3654,2
100,2020-01-06,Sklik,sklik_sea,mobile,7549,116,7872,4
101,2020-01-06,ZboziCz,zbozi,desktop,2273,232,2024,4
102,2020-01-06,ZboziCz,zbozi,mobile,1791,232,1533,4
110,2020-01-07,AdWords,adwords_bra,desktop,40949,1495,40592,32
111,2020-01-07,AdWords,adwords_bra,mobile,9536,232,9989,13
112,2020-01-07,AdWords,adwords_pla,desktop,23887,1674,21904,52
113,2020-01-07,AdWords,adwords_pla,mobile,13100,657,12901,21
114,2020-01-07,AdWords,adwords_pla,tablet,1933,116,1817,6
115,2020-01-07,AdWords,adwords_rem,desktop,1810,116,1747,3
116,2020-01-07,HeurekaCz,heureka,desktop,19146,375,19723,16
117,2020-01-07,RtbHouse,rtbhouse,desktop,4227,257,3898,2
118,2020-01-07,Silverpop,emailing,desktop,50643,1965,50048,80
119,2020-01-07,Silverpop,emailing,mobile,691,116,575,1
120,2020-01-07,Sklik,sklik_bra,desktop,12852,1005,11671,29
121,2020-01-07,Sklik,sklik_pla,desktop,882,232,614,2
122,2020-01-07,Sklik,sklik_rem,desktop,3394,259,3153,2
123,2020-01-07,Sklik,sklik_sea,mobile,7128,0,7831,3
132,2020-01-08,AdWords,adwords_bra,desktop,44420,2757,43467,44
133,2020-01-08,AdWords,adwords_bra,tablet,805,0,805,1
134,2020-01-08,AdWords,adwords_pla,desktop,23322,2137,20895,36
135,2020-01-08,AdWords,adwords_pla,mobile,8978,746,8297,12
136,2020-01-08,AdWords,adwords_sea,desktop,893,141,717,2
137,2020-01-08,FirmyCz,zbozi,desktop,1314,116,1163,3
138,2020-01-08,RtbHouse,rtbhouse,desktop,42105,1765,42550,18
139,2020-01-08,RtbHouse,rtbhouse,mobile,948,141,784,18
140,2020-01-08,Silverpop,emailing,desktop,90600,4445,88440,89
141,2020-01-08,Silverpop,emailing,mobile,15646,1185,15056,5
142,2020-01-08,Silverpop,emailing,tablet,8793,281,8952,10
143,2020-01-08,Sklik,sklik_bra,desktop,9125,464,8805,10
144,2020-01-08,Sklik,sklik_bra,mobile,2265,116,2160,2
145,2020-01-08,Sklik,sklik_bra,tablet,8407,0,8993,2
146,2020-01-08,Sklik,sklik_rem,desktop,4613,116,4514,4
147,2020-01-08,Sklik,sklik_sea,mobile,1335,232,1103,2
148,2020-01-08,ZboziCz,zbozi,desktop,909,116,792,1
156,2020-01-09,AdWords,adwords_bra,desktop,27824,1326,26376,52
157,2020-01-09,AdWords,adwords_bra,mobile,24047,1184,23852,11
158,2020-01-09,AdWords,adwords_pla,desktop,103346,4560,101334,49
159,2020-01-09,AdWords,adwords_pla,mobile,3287,373,2888,4
160,2020-01-09,AdWords,adwords_rem,desktop,11216,541,11198,9
161,2020-01-09,HeurekaCz,heureka,desktop,1483,232,1215,2
162,2020-01-09,RtbHouse,rtbhouse,desktop,26255,1027,25810,37
163,2020-01-09,Silverpop,emailing,desktop,25250,1398,23679,23
164,2020-01-09,Silverpop,emailing,tablet,2432,0,2432,1
165,2020-01-09,Sklik,sklik_bra,desktop,19511,915,19624,6
166,2020-01-09,Sklik,sklik_bra,mobile,7085,116,7175,9
167,2020-01-09,Sklik,sklik_rem,desktop,2712,141,2581,2
168,2020-01-09,Sklik,sklik_rem,mobile,3207,116,3285,11
174,2020-01-10,AdWords,adwords_bra,desktop,66135,1141,68133,71
175,2020-01-10,AdWords,adwords_bra,mobile,5078,140,5085,3
176,2020-01-10,AdWords,adwords_pla,desktop,44095,2376,41834,57
177,2020-01-10,AdWords,adwords_pla,mobile,11419,912,10293,9
178,2020-01-10,AdWords,adwords_rem,desktop,1462,0,1508,3
179,2020-01-10,HeurekaCz,heureka,mobile,1765,116,1613,1
180,2020-01-10,RtbHouse,rtbhouse,desktop,13355,605,12713,17
181,2020-01-10,Silverpop,emailing,desktop,57747,3160,56151,107
182,2020-01-10,Silverpop,emailing,mobile,1676,232,1386,3
183,2020-01-10,Sklik,sklik_bra,desktop,19151,896,18086,42
184,2020-01-10,Sklik,sklik_rem,desktop,4244,141,4067,5
191,2020-01-11,AdWords,adwords_bra,desktop,3564,257,3405,7
192,2020-01-11,AdWords,adwords_bra,mobile,7510,281,7158,7
193,2020-01-11,AdWords,adwords_pla,desktop,12440,837,11568,14
194,2020-01-11,AdWords,adwords_pla,mobile,16733,1623,14986,20
195,2020-01-11,HeurekaCz,heureka,desktop,1704,140,1582,2
196,2020-01-11,RtbHouse,rtbhouse,desktop,2337,232,2115,3
197,2020-01-11,RtbHouse,rtbhouse,tablet,6192,116,6745,7
198,2020-01-11,Silverpop,emailing,desktop,34641,1610,33979,49
199,2020-01-11,Sklik,sklik_bra,desktop,2892,232,2589,2
200,2020-01-11,Sklik,sklik_bra,mobile,288,0,288,5
201,2020-01-11,Sklik,sklik_pla,desktop,3129,116,3024,5
206,2020-01-12,AdWords,adwords_bra,desktop,17209,232,17183,21
207,2020-01-12,AdWords,adwords_bra,mobile,338,116,187,1
208,2020-01-12,AdWords,adwords_pla,desktop,26159,1501,25745,66
209,2020-01-12,AdWords,adwords_pla,mobile,11181,1350,9629,20
210,2020-01-12,AdWords,adwords_rem,mobile,2356,116,2251,5
211,2020-01-12,HeurekaCz,heureka,desktop,2475,116,2324,1
212,2020-01-12,RtbHouse,rtbhouse,desktop,13607,372,13716,22
213,2020-01-12,RtbHouse,rtbhouse,mobile,2406,116,2301,36
214,2020-01-12,Silverpop,emailing,desktop,41831,1841,41548,72
215,2020-01-12,Sklik,sklik_bra,desktop,12222,573,12083,13
216,2020-01-12,Sklik,sklik_bra,mobile,691,116,575,1
217,2020-01-12,Sklik,sklik_pla,desktop,405,141,229,1
218,2020-01-12,Sklik,sklik_sea,desktop,577,116,425,1
219,2020-01-12,ZboziCz,zbozi,mobile,2624,116,2525,3
225,2020-01-13,AdWords,adwords_bra,desktop,45415,2577,44483,85
226,2020-01-13,AdWords,adwords_bra,mobile,2186,257,1864,5
227,2020-01-13,AdWords,adwords_bra,tablet,2812,116,2706,3
228,2020-01-13,AdWords,adwords_pla,desktop,27600,1867,25904,27
229,2020-01-13,AdWords,adwords_pla,mobile,23838,1044,23247,26
230,2020-01-13,AdWords,adwords_rem,desktop,1734,232,1479,3
231,2020-01-13,HeurekaCz,heureka,desktop,10790,316,11107,3
232,2020-01-13,RtbHouse,rtbhouse,desktop,15218,664,14596,15
233,2020-01-13,RtbHouse,rtbhouse,mobile,3699,140,3753,2
234,2020-01-13,Silverpop,emailing,desktop,47414,2215,46453,104
235,2020-01-13,Silverpop,emailing,mobile,16353,607,16396,7
236,2020-01-13,Sklik,sklik_bra,desktop,27190,805,27013,34
237,2020-01-13,Sklik,sklik_pla,desktop,855,116,704,1
238,2020-01-13,Sklik,sklik_rem,desktop,3062,348,2643,3
239,2020-01-13,Sklik,sklik_rem,mobile,680,141,539,1
240,2020-01-13,ZboziCz,zbozi,desktop,4761,257,4525,5
245,2020-01-14,AdWords,adwords_bra,desktop,20098,976,19237,24
246,2020-01-14,AdWords,adwords_bra,mobile,7147,464,6595,12
247,2020-01-14,AdWords,adwords_pla,desktop,16178,978,15696,33
248,2020-01-14,AdWords,adwords_pla,mobile,10030,837,9080,11
249,2020-01-14,AdWords,adwords_pla,tablet,7944,0,8530,4
250,2020-01-14,AdWords,adwords_rem,desktop,4206,541,3718,2
251,2020-01-14,HeurekaCz,heureka,desktop,2426,232,2122,4
252,2020-01-14,RtbHouse,rtbhouse,desktop,1220,116,1068,1
253,2020-01-14,RtbHouse,rtbhouse,mobile,8968,488,8492,10
254,2020-01-14,RtbHouse,rtbhouse,tablet,3564,116,3412,3
255,2020-01-14,Silverpop,emailing,desktop,82633,5288,78295,124
256,2020-01-14,Silverpop,emailing,mobile,3899,630,3093,5
257,2020-01-14,Silverpop,emailing,tablet,2575,0,2575,3
258,2020-01-14,Sklik,sklik_bra,desktop,27387,889,27070,16
259,2020-01-14,Sklik,sklik_pla,desktop,6350,580,5626,7
260,2020-01-14,Sklik,sklik_pla,mobile,3147,116,2995,1
261,2020-01-14,Sklik,sklik_rem,mobile,4775,141,4680,3
262,2020-01-14,Sklik,sklik_sea,desktop,2697,116,2580,4
263,2020-01-14,ZboziCz,zbozi,desktop,9878,657,9854,3
271,2020-01-15,AdWords,adwords_bra,desktop,31021,1185,30157,61
272,2020-01-15,AdWords,adwords_bra,mobile,114542,2878,115173,7
273,2020-01-15,AdWords,adwords_pla,desktop,66458,2804,66731,55
274,2020-01-15,AdWords,adwords_pla,mobile,18181,1790,16200,30
275,2020-01-15,AdWords,adwords_pla,tablet,1590,116,1439,1
276,2020-01-15,AdWords,adwords_rem,desktop,3877,348,3557,9
277,2020-01-15,HeurekaCz,heureka,mobile,445,116,294,2
278,2020-01-15,RtbHouse,rtbhouse,desktop,11444,541,11537,7
279,2020-01-15,Silverpop,emailing,desktop,59026,3431,55577,48
280,2020-01-15,Silverpop,emailing,mobile,737,116,585,3
281,2020-01-15,Silverpop,emailing,tablet,1434,232,1144,3
282,2020-01-15,Sklik,sklik_bra,desktop,22966,978,22615,34
283,2020-01-15,Sklik,sklik_rem,desktop,3707,116,3555,1
284,2020-01-15,Sklik,sklik_sea,desktop,2442,257,2202,4
285,2020-01-15,Sklik,sklik_sea,mobile,698,116,546,1
286,2020-01-15,ZboziCz,zbozi,desktop,1113,0,1113,2
294,2020-01-16,AdWords,adwords_bra,desktop,20169,1005,19046,14
295,2020-01-16,AdWords,adwords_bra,mobile,3991,116,4104,3
296,2020-01-16,AdWords,adwords_pla,desktop,30902,1631,29119,45
297,2020-01-16,AdWords,adwords_pla,mobile,15190,1519,13387,16
298,2020-01-16,AdWords,adwords_pla,tablet,1056,141,880,1
299,2020-01-16,RtbHouse,rtbhouse,desktop,11229,373,10750,14
300,2020-01-16,Silverpop,emailing,desktop,31290,1906,29684,60
301,2020-01-16,Silverpop,emailing,mobile,1846,257,1553,3
302,2020-01-16,Sklik,sklik_bra,desktop,11961,1055,11076,7
303,2020-01-16,Sklik,sklik_pla,desktop,750,116,598,1
304,2020-01-16,Sklik,sklik_pla,mobile,1279,116,1127,1
305,2020-01-16,Sklik,sklik_sea,desktop,1344,141,1168,6
315,2020-01-17,AdWords,adwords_bra,desktop,37831,1616,37481,42
316,2020-01-17,AdWords,adwords_pla,desktop,15913,464,15388,38
317,2020-01-17,AdWords,adwords_pla,mobile,1517,116,1365,1
318,2020-01-17,AdWords,adwords_rem,desktop,535,0,535,1
319,2020-01-17,HeurekaCz,heureka,desktop,1525,116,1409,1
320,2020-01-17,RtbHouse,rtbhouse,desktop,10697,348,10700,6
321,2020-01-17,RtbHouse,rtbhouse,mobile,1971,116,1820,2
322,2020-01-17,Silverpop,emailing,desktop,37614,1781,37010,53
323,2020-01-17,Silverpop,emailing,mobile,4631,232,4374,6
324,2020-01-17,Silverpop,emailing,tablet,744,116,593,1
325,2020-01-17,Sklik,sklik_bra,desktop,10561,696,9909,20
326,2020-01-17,Sklik,sklik_bra,mobile,839,116,700,2
327,2020-01-17,Sklik,sklik_rem,mobile,7109,256,6818,4
333,2020-01-18,AdWords,adwords_bra,desktop,35452,828,36982,56
334,2020-01-18,AdWords,adwords_bra,mobile,8367,514,8068,25
335,2020-01-18,AdWords,adwords_dsa,desktop,3109,0,3109,9
336,2020-01-18,AdWords,adwords_pla,desktop,11935,257,11599,28
337,2020-01-18,AdWords,adwords_pla,mobile,1066,116,914,2
338,2020-01-18,AdWords,adwords_rem,mobile,3029,116,2923,2
339,2020-01-18,HeurekaCz,heureka,desktop,862,116,711,1
340,2020-01-18,RtbHouse,rtbhouse,desktop,3306,232,3048,6
341,2020-01-18,Silverpop,emailing,desktop,29137,1792,27491,36
342,2020-01-18,Silverpop,emailing,mobile,6424,257,6097,2
343,2020-01-18,Sklik,sklik_bra,desktop,4585,0,4585,3
344,2020-01-18,Sklik,sklik_pla,desktop,323,116,172,1
345,2020-01-18,Sklik,sklik_sea,desktop,3767,257,3440,6
346,2020-01-18,ZboziCz,zbozi,desktop,1353,116,1202,6
351,2020-01-19,AdWords,adwords_bra,desktop,7585,771,6766,14
352,2020-01-19,AdWords,adwords_bra,mobile,18174,657,18558,5
353,2020-01-19,AdWords,adwords_bra,tablet,2667,116,2515,3
354,2020-01-19,AdWords,adwords_pla,desktop,2988,232,2685,5
355,2020-01-19,AdWords,adwords_pla,mobile,9786,721,9036,18
356,2020-01-19,AdWords,adwords_pla,tablet,4412,116,4261,10
357,2020-01-19,RtbHouse,rtbhouse,desktop,18457,630,17949,13
358,2020-01-19,RtbHouse,rtbhouse,mobile,655,116,539,1
359,2020-01-19,RtbHouse,rtbhouse,tablet,3768,140,3645,4
360,2020-01-19,Silverpop,emailing,desktop,91745,1442,90845,49
361,2020-01-19,Silverpop,emailing,mobile,1292,116,1141,2
362,2020-01-19,Sklik,sklik_bra,desktop,20407,721,19958,36
363,2020-01-19,Sklik,sklik_pla,desktop,1048,257,756,4
364,2020-01-19,Sklik,sklik_sea,desktop,1480,0,1533,2
365,2020-01-19,ZboziCz,zbozi,desktop,37366,1351,39539,18
372,2020-01-20,AdWords,adwords_bra,desktop,47349,2486,45376,34
373,2020-01-20,AdWords,adwords_bra,mobile,6218,116,6066,3
374,2020-01-20,AdWords,adwords_pla,desktop,56484,2175,54813,59
375,2020-01-20,AdWords,adwords_pla,mobile,11566,514,11151,11
376,2020-01-20,AdWords,adwords_rem,desktop,503,116,351,1
377,2020-01-20,AdWords,adwords_rem,mobile,1761,141,1631,2
378,2020-01-20,HeurekaCz,heureka,desktop,10161,348,10006,9
379,2020-01-20,RtbHouse,rtbhouse,desktop,1990,232,1758,4
380,2020-01-20,Silverpop,emailing,desktop,34171,2049,32848,45
381,2020-01-20,Silverpop,emailing,mobile,1396,116,1290,2
382,2020-01-20,Silverpop,emailing,tablet,2304,116,2198,6
383,2020-01-20,Sklik,sklik_bra,desktop,30683,1143,29386,39
384,2020-01-20,Sklik,sklik_bra,mobile,1184,116,1033,1
385,2020-01-20,Sklik,sklik_pla,desktop,820,116,669,1
386,2020-01-20,Sklik,sklik_rem,desktop,616,116,464,1
387,2020-01-20,Sklik,sklik_sea,tablet,938,116,821,1
388,2020-01-20,ZboziCz,zbozi,desktop,4094,348,3686,9
397,2020-01-21,AdWords,adwords_bra,desktop,17754,1069,16444,34
398,2020-01-21,AdWords,adwords_bra,mobile,1195,116,1044,1
399,2020-01-21,AdWords,adwords_bra,tablet,4224,141,4129,9
400,2020-01-21,AdWords,adwords_pla,desktop,35313,1708,33789,70
401,2020-01-21,AdWords,adwords_pla,mobile,10469,862,9588,19
402,2020-01-21,HeurekaCz,heureka,desktop,607,116,456,2
403,2020-01-21,RtbHouse,rtbhouse,desktop,7022,232,6800,3
404,2020-01-21,Silverpop,emailing,desktop,36905,1951,35896,40
405,2020-01-21,Silverpop,emailing,mobile,2427,232,2158,2
406,2020-01-21,Sklik,sklik_bra,desktop,19603,631,20074,16
407,2020-01-21,ZboziCz,zbozi,desktop,8129,200,8597,3
415,2020-01-22,AdWords,adwords_bra,desktop,11247,721,10464,13
416,2020-01-22,AdWords,adwords_bra,mobile,5655,116,5504,6
417,2020-01-22,AdWords,adwords_bra,tablet,1396,116,1290,2
418,2020-01-22,AdWords,adwords_dsa,desktop,6019,140,5844,34
419,2020-01-22,AdWords,adwords_pla,desktop,29083,2204,26651,36
420,2020-01-22,AdWords,adwords_pla,mobile,17468,1313,16059,8
421,2020-01-22,AdWords,adwords_pla,tablet,11100,456,10574,5
422,2020-01-22,AdWords,adwords_rem,desktop,2593,141,2429,4
423,2020-01-22,HeurekaCz,heureka,desktop,374,116,222,1
424,2020-01-22,RtbHouse,rtbhouse,desktop,17950,832,17864,13
425,2020-01-22,RtbHouse,rtbhouse,mobile,3856,257,3574,3
426,2020-01-22,Silverpop,emailing,desktop,76323,3709,74535,68
427,2020-01-22,Silverpop,emailing,mobile,6552,316,6428,7
428,2020-01-22,Silverpop,emailing,tablet,1795,116,1690,3
429,2020-01-22,Sklik,sklik_bra,desktop,8056,689,7454,6
430,2020-01-22,Sklik,sklik_pla,desktop,4293,316,3941,2
431,2020-01-22,Sklik,sklik_rem,desktop,6476,341,6065,6
432,2020-01-22,ZboziCz,zbozi,desktop,442,116,290,3
438,2020-01-23,AdWords,adwords_bra,desktop,18154,839,18242,17
439,2020-01-23,AdWords,adwords_pla,desktop,10686,1044,9416,18
440,2020-01-23,AdWords,adwords_pla,mobile,12362,348,12454,9
441,2020-01-23,AdWords,adwords_rem,desktop,1264,116,1160,4
442,2020-01-23,HeurekaCz,heureka,desktop,4038,200,4068,2
443,2020-01-23,HeurekaCz,heureka,mobile,592,116,476,1
444,2020-01-23,RtbHouse,rtbhouse,desktop,11618,605,10935,8
445,2020-01-23,RtbHouse,rtbhouse,mobile,3902,0,4131,2
446,2020-01-23,Silverpop,emailing,desktop,93577,5014,89823,63
447,2020-01-23,Silverpop,emailing,mobile,12529,489,12301,10
448,2020-01-23,Sklik,sklik_bra,desktop,24212,573,24202,17
449,2020-01-23,Sklik,sklik_bra,mobile,2583,116,2431,1
450,2020-01-23,Sklik,sklik_pla,desktop,586,116,435,10
451,2020-01-23,Sklik,sklik_rem,desktop,921,116,781,2
452,2020-01-23,Sklik,sklik_rem,mobile,5015,257,4834,3
453,2020-01-23,ZboziCz,zbozi,tablet,3585,116,3433,4
461,2020-01-24,AdWords,adwords_bra,desktop,3409,116,3521,5
462,2020-01-24,AdWords,adwords_bra,mobile,2834,257,2542,5
463,2020-01-24,AdWords,adwords_pla,desktop,31639,1881,29412,50
464,2020-01-24,AdWords,adwords_pla,mobile,4530,696,3621,8
465,2020-01-24,AdWords,adwords_pla,tablet,2206,116,2054,2
466,2020-01-24,AdWords,adwords_rem,tablet,3417,116,3265,1
467,2020-01-24,HeurekaCz,heureka,desktop,363,116,247,1
468,2020-01-24,RtbHouse,rtbhouse,desktop,18639,1275,17908,16
469,2020-01-24,RtbHouse,rtbhouse,mobile,837,116,721,2
470,2020-01-24,Silverpop,emailing,desktop,45007,2389,43561,55
471,2020-01-24,Silverpop,emailing,mobile,11557,200,11551,10
472,2020-01-24,Sklik,sklik_bra,desktop,24692,804,24380,34
473,2020-01-24,Sklik,sklik_bra,mobile,4038,200,3986,2
474,2020-01-24,Sklik,sklik_rem,desktop,9950,316,10321,14
481,2020-01-25,AdWords,adwords_bra,desktop,15965,1057,15982,12
482,2020-01-25,AdWords,adwords_bra,mobile,275,116,123,1
483,2020-01-25,AdWords,adwords_pla,desktop,6107,373,5663,8
484,2020-01-25,AdWords,adwords_pla,mobile,2747,373,2369,6
485,2020-01-25,AdWords,adwords_rem,desktop,670,141,494,2
486,2020-01-25,AdWords,adwords_rem,tablet,2123,141,1993,2
487,2020-01-25,Silverpop,emailing,desktop,53993,1403,54969,42
488,2020-01-25,Silverpop,emailing,mobile,9335,488,8764,11
489,2020-01-25,Sklik,sklik_bra,desktop,4074,200,3839,1
490,2020-01-25,Sklik,sklik_bra,mobile,1696,141,1519,3
491,2020-01-25,Sklik,sklik_pla,desktop,6048,116,6372,18
497,2020-01-26,AdWords,adwords_bra,desktop,10503,630,9830,12
498,2020-01-26,AdWords,adwords_bra,mobile,2584,116,2513,4
499,2020-01-26,AdWords,adwords_pla,desktop,26002,1087,25717,43
500,2020-01-26,AdWords,adwords_pla,mobile,16414,1353,15489,16
501,2020-01-26,AdWords,adwords_pla,tablet,4074,200,3839,1
502,2020-01-26,AdWords,adwords_rem,desktop,14582,548,14701,19
503,2020-01-26,HeurekaCz,heureka,desktop,5243,457,5014,6
504,2020-01-26,RtbHouse,rtbhouse,desktop,12178,373,12438,23
505,2020-01-26,Silverpop,emailing,desktop,45308,1932,45559,28
506,2020-01-26,Silverpop,emailing,mobile,8534,432,8224,10
507,2020-01-26,Silverpop,emailing,tablet,5149,611,4731,6
508,2020-01-26,Sklik,sklik_bra,desktop,11789,456,12213,9
509,2020-01-26,Sklik,sklik_bra,mobile,4798,140,4852,15
510,2020-01-26,Sklik,sklik_rem,desktop,1114,141,950,3
511,2020-01-26,Sklik,sklik_rem,mobile,833,141,657,1
512,2020-01-26,ZboziCz,zbozi,desktop,746,141,570,1
518,2020-01-27,AdWords,adwords_bra,desktop,38355,1820,37620,46
519,2020-01-27,AdWords,adwords_bra,mobile,21483,141,22623,3
520,2020-01-27,AdWords,adwords_bra,tablet,2767,0,2767,2
521,2020-01-27,AdWords,adwords_pla,desktop,38966,1651,38177,44
522,2020-01-27,AdWords,adwords_pla,mobile,10294,1119,8923,19
523,2020-01-27,AdWords,adwords_pla,tablet,1202,116,1082,4
524,2020-01-27,HeurekaCz,heureka,mobile,662,116,546,1
525,2020-01-27,RtbHouse,rtbhouse,desktop,26126,691,25998,13
526,2020-01-27,RtbHouse,rtbhouse,mobile,3794,348,3432,7
527,2020-01-27,Silverpop,emailing,desktop,87365,4013,86913,51
528,2020-01-27,Silverpop,emailing,mobile,5725,696,5000,13
529,2020-01-27,Silverpop,emailing,tablet,3939,140,3993,3
530,2020-01-27,Sklik,sklik_bra,desktop,11152,605,10459,23
531,2020-01-27,Sklik,sklik_pla,desktop,303,116,152,1
532,2020-01-27,Sklik,sklik_rem,desktop,10105,611,10045,8
541,2020-01-28,AdWords,adwords_bra,desktop,20216,372,20557,18
542,2020-01-28,AdWords,adwords_pla,desktop,29143,1790,27093,40
543,2020-01-28,AdWords,adwords_pla,mobile,16241,1442,14547,21
544,2020-01-28,AdWords,adwords_rem,desktop,933,116,781,1
545,2020-01-28,AdWords,adwords_rem,mobile,9646,200,9939,2
546,2020-01-28,HeurekaCz,heureka,desktop,653,116,501,1
547,2020-01-28,RtbHouse,rtbhouse,desktop,4847,116,4728,6
548,2020-01-28,Silverpop,emailing,desktop,29231,1417,28128,50
549,2020-01-28,Silverpop,emailing,mobile,2268,232,2029,4
550,2020-01-28,Silverpop,emailing,tablet,4168,232,4013,21
551,2020-01-28,Sklik,sklik_bra,desktop,9676,630,9056,12
552,2020-01-28,Sklik,sklik_bra,mobile,2734,116,2583,2
553,2020-01-28,Sklik,sklik_pla,desktop,1459,232,1157,2
554,2020-01-28,Sklik,sklik_rem,desktop,2088,232,1856,3
555,2020-01-28,Sklik,sklik_rem,mobile,1349,116,1197,1
556,2020-01-28,Sklik,sklik_sea,desktop,5474,232,5224,7
560,2020-01-29,AdWords,adwords_bra,desktop,58686,1964,58289,96
561,2020-01-29,AdWords,adwords_pla,desktop,37862,1675,36454,43
562,2020-01-29,AdWords,adwords_pla,mobile,14530,1237,13223,15
563,2020-01-29,AdWords,adwords_rem,desktop,10820,464,10903,14
564,2020-01-29,HeurekaCz,heureka,desktop,781,141,605,1
565,2020-01-29,RtbHouse,rtbhouse,desktop,4346,232,4272,8
566,2020-01-29,RtbHouse,rtbhouse,tablet,2894,116,2778,8
567,2020-01-29,Silverpop,emailing,desktop,60359,2536,59888,98
568,2020-01-29,Silverpop,emailing,mobile,20549,1263,20420,16
569,2020-01-29,Silverpop,emailing,tablet,5498,232,5424,5
570,2020-01-29,Sklik,sklik_bra,desktop,17937,1313,16855,27
571,2020-01-29,Sklik,sklik_rem,desktop,5920,200,5752,4
572,2020-01-29,ZboziCz,zbozi,desktop,1227,116,1075,1
578,2020-01-30,AdWords,adwords_bra,desktop,20374,1296,18954,26
579,2020-01-30,AdWords,adwords_bra,tablet,767,141,626,1
580,2020-01-30,AdWords,adwords_pla,desktop,35967,2096,34128,79
581,2020-01-30,AdWords,adwords_pla,mobile,21915,1093,21026,23
582,2020-01-30,AdWords,adwords_pla,tablet,996,116,845,1
583,2020-01-30,AdWords,adwords_rem,desktop,1999,116,1847,2
584,2020-01-30,AdWords,adwords_sea,desktop,643,116,491,2
585,2020-01-30,HeurekaCz,heureka,desktop,1208,116,1057,1
586,2020-01-30,HeurekaCz,heureka,mobile,827,116,676,1
587,2020-01-30,RtbHouse,rtbhouse,desktop,1765,116,1666,2
588,2020-01-30,Silverpop,emailing,desktop,78987,3350,79046,107
589,2020-01-30,Silverpop,emailing,mobile,4224,373,3904,9
590,2020-01-30,Sklik,sklik_bra,desktop,4475,464,3914,12
591,2020-01-30,Sklik,sklik_bra,mobile,3850,116,3928,3
592,2020-01-30,Sklik,sklik_bra,tablet,644,116,493,1
593,2020-01-30,Sklik,sklik_pla,desktop,3174,232,2906,3
594,2020-01-30,Sklik,sklik_rem,desktop,4802,282,4711,7
595,2020-01-30,ZboziCz,zbozi,desktop,8883,398,8678,5
596,2020-01-30,ZboziCz,zbozi,mobile,1948,116,1797,1
605,2020-01-31,AdWords,adwords_bra,desktop,60736,1612,59114,48
606,2020-01-31,AdWords,adwords_pla,desktop,16666,1410,15492,27
607,2020-01-31,AdWords,adwords_pla,mobile,7598,630,6859,13
608,2020-01-31,AdWords,adwords_rem,desktop,1805,116,1699,4
609,2020-01-31,RtbHouse,rtbhouse,desktop,33732,1654,32499,16
610,2020-01-31,RtbHouse,rtbhouse,mobile,8029,116,8139,2
611,2020-01-31,Silverpop,emailing,desktop,67709,2910,65996,111
612,2020-01-31,Silverpop,emailing,mobile,3617,348,3195,4
613,2020-01-31,Sklik,sklik_bra,desktop,20606,837,19648,34
614,2020-01-31,Sklik,sklik_pla,desktop,2324,116,2218,5
615,2020-01-31,Sklik,sklik_rem,desktop,397,116,246,1
620,2020-02-01,AdWords,adwords_bra,desktop,3545,257,3218,2
621,2020-02-01,AdWords,adwords_pla,desktop,5306,605,4640,20
622,2020-02-01,AdWords,adwords_pla,mobile,9892,862,8860,18
623,2020-02-01,AdWords,adwords_rem,desktop,3540,257,3290,5
624,2020-02-01,RtbHouse,rtbhouse,desktop,11487,513,11095,18
625,2020-02-01,RtbHouse,rtbhouse,mobile,4484,259,4222,2
626,2020-02-01,Silverpop,emailing,desktop,27399,1558,26587,48
627,2020-02-01,Silverpop,emailing,mobile,1231,257,903,2
628,2020-02-01,Sklik,sklik_bra,tablet,2073,116,1921,3
629,2020-02-01,Sklik,sklik_pla,desktop,310,116,158,1
635,2020-02-02,AdWords,adwords_bra,desktop,24578,1431,24628,36
636,2020-02-02,AdWords,adwords_bra,mobile,21749,141,21605,30
637,2020-02-02,AdWords,adwords_pla,desktop,21194,1667,19582,22
638,2020-02-02,AdWords,adwords_pla,mobile,11705,1093,10839,24
639,2020-02-02,AdWords,adwords_pla,tablet,869,0,901,2
640,2020-02-02,AdWords,adwords_rem,desktop,4893,257,4565,2
641,2020-02-02,RtbHouse,rtbhouse,desktop,25171,1185,25047,21
642,2020-02-02,RtbHouse,rtbhouse,mobile,2350,232,2046,4
643,2020-02-02,RtbHouse,rtbhouse,tablet,6513,116,6837,2
644,2020-02-02,Silverpop,emailing,desktop,38249,1802,37836,69
645,2020-02-02,Silverpop,emailing,mobile,5918,232,5879,17
646,2020-02-02,Sklik,sklik_bra,desktop,17138,464,17318,21
647,2020-02-02,Sklik,sklik_bra,mobile,3098,116,3129,7
648,2020-02-02,Sklik,sklik_pla,desktop,268,116,116,1
649,2020-02-02,Sklik,sklik_sea,mobile,998,141,821,1
650,2020-02-02,ZboziCz,zbozi,desktop,3079,232,2864,6
657,2020-02-03,AdWords,adwords_bra,desktop,36407,1552,35381,80
658,2020-02-03,AdWords,adwords_bra,mobile,9488,348,10609,6
659,2020-02-03,AdWords,adwords_bra,tablet,1384,116,1268,1
660,2020-02-03,AdWords,adwords_pla,desktop,42406,2303,39863,54
661,2020-02-03,AdWords,adwords_pla,mobile,6460,721,5821,18
662,2020-02-03,AdWords,adwords_rem,desktop,19545,398,19041,7
663,2020-02-03,HeurekaCz,heureka,desktop,2790,257,2462,2
664,2020-02-03,RtbHouse,rtbhouse,desktop,1588,232,1354,3
665,2020-02-03,RtbHouse,rtbhouse,mobile,1583,116,1512,3
666,2020-02-03,Silverpop,emailing,desktop,47961,2313,46222,105
667,2020-02-03,Silverpop,emailing,mobile,20498,541,21021,7
668,2020-02-03,Silverpop,emailing,tablet,1852,116,1701,3
669,2020-02-03,Sklik,sklik_bra,desktop,13129,580,12679,16
670,2020-02-03,Sklik,sklik_pla,desktop,206,116,89,4
671,2020-02-03,ZboziCz,zbozi,desktop,4170,141,3994,1
678,2020-02-04,AdWords,adwords_bra,desktop,21514,1612,19808,21
679,2020-02-04,AdWords,adwords_bra,mobile,8255,316,8028,4
680,2020-02-04,AdWords,adwords_pla,desktop,55372,3026,52430,71
681,2020-02-04,AdWords,adwords_pla,mobile,8900,837,8031,17
682,2020-02-04,RtbHouse,rtbhouse,desktop,25405,1043,25820,22
683,2020-02-04,RtbHouse,rtbhouse,mobile,2021,116,1870,1
684,2020-02-04,Silverpop,emailing,desktop,55132,3594,51745,74
685,2020-02-04,Silverpop,emailing,mobile,327,116,210,1
686,2020-02-04,Silverpop,emailing,tablet,1532,141,1356,1
687,2020-02-04,Sklik,sklik_bra,desktop,25687,1096,24612,34
688,2020-02-04,Sklik,sklik_pla,desktop,1217,116,1097,2
689,2020-02-04,Sklik,sklik_rem,desktop,800,116,680,2
690,2020-02-04,ZboziCz,zbozi,mobile,4056,256,3957,6
696,2020-02-05,AdWords,adwords_bra,desktop,6596,464,6134,20
697,2020-02-05,AdWords,adwords_bra,mobile,4694,232,4426,7
698,2020-02-05,AdWords,adwords_pla,desktop,38984,2486,36550,52
699,2020-02-05,AdWords,adwords_pla,mobile,9431,978,8311,21
700,2020-02-05,AdWords,adwords_pla,tablet,340,141,163,1
701,2020-02-05,AdWords,adwords_rem,desktop,2062,116,1956,2
702,2020-02-05,HeurekaCz,heureka,desktop,268,116,116,1
703,2020-02-05,RtbHouse,rtbhouse,desktop,15406,464,15420,18
704,2020-02-05,Silverpop,emailing,desktop,34000,1933,32693,98
705,2020-02-05,Silverpop,emailing,mobile,5320,316,4979,3
706,2020-02-05,Sklik,sklik_bra,desktop,1898,232,1712,6
707,2020-02-05,Sklik,sklik_bra,mobile,3946,257,3812,11
708,2020-02-05,Sklik,sklik_pla,desktop,6300,232,5997,11
709,2020-02-05,Sklik,sklik_sea,mobile,826,116,707,3
710,2020-02-05,ZboziCz,zbozi,desktop,13991,611,14478,15
719,2020-02-06,AdWords,adwords_bra,desktop,41146,2666,38287,60
720,2020-02-06,AdWords,adwords_bra,mobile,1988,116,1836,2
721,2020-02-06,AdWords,adwords_pla,desktop,55971,2524,54475,55
722,2020-02-06,AdWords,adwords_pla,mobile,13605,1178,12418,27
723,2020-02-06,AdWords,adwords_pla,tablet,503,116,351,1
724,2020-02-06,FirmyCz,zbozi,desktop,3675,116,3524,1
725,2020-02-06,HeurekaCz,heureka,desktop,2129,116,2024,3
726,2020-02-06,RtbHouse,rtbhouse,desktop,12326,605,11701,23
727,2020-02-06,RtbHouse,rtbhouse,mobile,5109,282,4946,11
728,2020-02-06,Silverpop,emailing,desktop,64197,2333,63665,50
729,2020-02-06,Silverpop,emailing,mobile,1673,141,1564,3
730,2020-02-06,Sklik,sklik_bra,desktop,26122,773,26571,12
731,2020-02-06,Sklik,sklik_bra,mobile,6498,116,6505,5
732,2020-02-06,Sklik,sklik_sea,desktop,333,116,216,1
733,2020-02-06,ZboziCz,zbozi,desktop,701,116,549,1
739,2020-02-07,AdWords,adwords_bra,desktop,19275,1153,18478,34
740,2020-02-07,AdWords,adwords_bra,mobile,2511,116,2391,6
741,2020-02-07,AdWords,adwords_pla,desktop,25873,1751,24374,52
742,2020-02-07,AdWords,adwords_pla,mobile,3497,232,3292,16
743,2020-02-07,HeurekaCz,heureka,desktop,2059,116,1961,2
744,2020-02-07,RtbHouse,rtbhouse,desktop,2360,232,2058,3
745,2020-02-07,RtbHouse,rtbhouse,mobile,2085,116,1979,8
746,2020-02-07,Silverpop,emailing,desktop,39912,2074,38900,65
747,2020-02-07,Silverpop,emailing,mobile,4449,232,4181,4
748,2020-02-07,Silverpop,emailing,tablet,2360,116,2261,6
749,2020-02-07,Sklik,sklik_bra,desktop,3468,348,3066,12
750,2020-02-07,Sklik,sklik_pla,desktop,2663,232,2394,2
758,2020-02-08,AdWords,adwords_bra,desktop,1722,232,1451,3
759,2020-02-08,AdWords,adwords_bra,mobile,3790,232,3532,8
760,2020-02-08,AdWords,adwords_pla,desktop,36122,2224,34987,23
761,2020-02-08,AdWords,adwords_pla,mobile,5812,812,4857,11
762,2020-02-08,AdWords,adwords_pla,tablet,1501,116,1395,4
763,2020-02-08,AdWords,adwords_rem,mobile,2544,232,2272,5
764,2020-02-08,RtbHouse,rtbhouse,desktop,1669,348,1214,3
765,2020-02-08,RtbHouse,rtbhouse,mobile,1360,116,1275,6
766,2020-02-08,Silverpop,emailing,desktop,32868,1345,32677,71
767,2020-02-08,Silverpop,emailing,mobile,3145,372,2770,5
768,2020-02-08,Silverpop,emailing,tablet,1233,0,1233,1
769,2020-02-08,Sklik,sklik_pla,desktop,479,116,328,1
770,2020-02-08,Sklik,sklik_sea,mobile,817,116,697,4
771,2020-02-08,ZboziCz,zbozi,desktop,879,116,728,8
778,2020-02-09,AdWords,adwords_bra,desktop,17547,664,16998,27
779,2020-02-09,AdWords,adwords_bra,mobile,505,116,389,1
780,2020-02-09,AdWords,adwords_pla,desktop,42434,2183,40454,57
781,2020-02-09,AdWords,adwords_pla,mobile,12242,696,11466,12
782,2020-02-09,AdWords,adwords_pla,tablet,1757,116,1672,4
783,2020-02-09,AdWords,adwords_rem,desktop,2590,232,2400,6
784,2020-02-09,AdWords,adwords_rem,mobile,6992,541,6892,13
785,2020-02-09,HeurekaCz,heureka,desktop,5040,232,4965,6
786,2020-02-09,RtbHouse,rtbhouse,desktop,16403,721,15947,19
787,2020-02-09,RtbHouse,rtbhouse,mobile,2994,141,2863,3
788,2020-02-09,RtbHouse,rtbhouse,tablet,2087,116,1988,4
789,2020-02-09,Silverpop,emailing,desktop,27968,1026,27209,35
790,2020-02-09,Silverpop,emailing,mobile,5391,140,5374,3
791,2020-02-09,Sklik,sklik_bra,desktop,11327,372,10966,19
792,2020-02-09,Sklik,sklik_sea,tablet,514,141,337,1
793,2020-02-09,ZboziCz,zbozi,desktop,620,116,469,1
800,2020-02-10,AdWords,adwords_bra,desktop,47007,1377,45445,26
801,2020-02-10,AdWords,adwords_bra,mobile,703,116,551,1
802,2020-02-10,AdWords,adwords_pla,desktop,26456,1906,24567,35
803,2020-02-10,AdWords,adwords_pla,mobile,8175,604,7573,14
804,2020-02-10,AdWords,adwords_pla,tablet,6922,348,6468,27
805,2020-02-10,AdWords,adwords_rem,desktop,694,116,542,1
806,2020-02-10,HeurekaCz,heureka,desktop,11853,232,11709,61
807,2020-02-10,RtbHouse,rtbhouse,desktop,16406,348,16605,15
808,2020-02-10,Silverpop,emailing,desktop,98343,4646,96031,82
809,2020-02-10,Silverpop,emailing,mobile,11575,257,11565,8
810,2020-02-10,Sklik,sklik_bra,desktop,11349,657,10619,9
811,2020-02-10,Sklik,sklik_bra,mobile,2496,116,2397,2
812,2020-02-10,Sklik,sklik_pla,desktop,919,141,743,4
813,2020-02-10,Sklik,sklik_rem,desktop,4784,259,4490,1
819,2020-02-11,AdWords,adwords_bra,desktop,19148,812,18552,32
820,2020-02-11,AdWords,adwords_bra,mobile,2297,141,2120,3
821,2020-02-11,AdWords,adwords_pla,desktop,24144,1931,22080,45
822,2020-02-11,AdWords,adwords_pla,mobile,16081,1558,14254,34
823,2020-02-11,AdWords,adwords_rem,desktop,729,116,578,1
824,2020-02-11,AdWords,adwords_sea,desktop,1854,116,1755,2
825,2020-02-11,HeurekaCz,heureka,desktop,2882,464,2379,10
826,2020-02-11,RtbHouse,rtbhouse,desktop,25484,516,25632,16
827,2020-02-11,RtbHouse,rtbhouse,mobile,3732,141,3555,1
828,2020-02-11,Silverpop,emailing,desktop,58600,2249,57699,44
829,2020-02-11,Silverpop,emailing,mobile,2902,141,2758,3
830,2020-02-11,Silverpop,emailing,tablet,4748,259,4649,2
831,2020-02-11,Sklik,sklik_bra,desktop,25230,1532,23965,23
832,2020-02-11,Sklik,sklik_rem,desktop,19753,0,21397,18
841,2020-02-12,AdWords,adwords_bra,desktop,19825,1191,18866,16
842,2020-02-12,AdWords,adwords_bra,mobile,13274,373,12974,24
843,2020-02-12,AdWords,adwords_bra,tablet,13159,0,13159,1
844,2020-02-12,AdWords,adwords_pla,desktop,48838,3318,45683,68
845,2020-02-12,AdWords,adwords_pla,mobile,16922,837,16392,25
846,2020-02-12,AdWords,adwords_pla,tablet,3571,141,3553,2
847,2020-02-12,AdWords,adwords_rem,desktop,2429,116,2345,4
848,2020-02-12,AdWords,adwords_rem,mobile,731,116,646,4
849,2020-02-12,AdWords,adwords_sea,desktop,2342,116,2225,6
850,2020-02-12,HeurekaCz,heureka,desktop,479,116,328,1
851,2020-02-12,RtbHouse,rtbhouse,desktop,12708,772,12165,25
852,2020-02-12,Silverpop,emailing,desktop,39481,1950,38573,45
853,2020-02-12,Silverpop,emailing,mobile,4872,0,5031,7
854,2020-02-12,Sklik,sklik_bra,desktop,23115,1029,22320,23
862,2020-02-13,AdWords,adwords_bra,desktop,22910,812,22530,35
863,2020-02-13,AdWords,adwords_bra,mobile,7637,611,7284,2
864,2020-02-13,AdWords,adwords_pla,desktop,43630,2453,41290,68
865,2020-02-13,AdWords,adwords_pla,mobile,17463,1069,16273,20
866,2020-02-13,AdWords,adwords_pla,tablet,3862,232,3678,5
867,2020-02-13,AdWords,adwords_rem,desktop,1497,232,1194,3
868,2020-02-13,AdWords,adwords_sea,desktop,1109,116,958,1
869,2020-02-13,HeurekaCz,heureka,desktop,1442,232,1206,3
870,2020-02-13,RtbHouse,rtbhouse,desktop,4608,348,4220,19
871,2020-02-13,RtbHouse,rtbhouse,mobile,9359,482,9132,5
872,2020-02-13,RtbHouse,rtbhouse,tablet,9589,0,9589,3
873,2020-02-13,Silverpop,emailing,desktop,41741,1803,40240,34
874,2020-02-13,Silverpop,emailing,mobile,1932,232,1727,6
875,2020-02-13,Silverpop,emailing,tablet,1594,141,1464,5
876,2020-02-13,Sklik,sklik_bra,desktop,18847,1231,17609,9
877,2020-02-13,Sklik,sklik_bra,mobile,9123,200,9035,2
878,2020-02-13,Sklik,sklik_rem,mobile,1032,116,912,2
879,2020-02-13,ZboziCz,zbozi,desktop,385,116,234,1
884,2020-02-14,AdWords,adwords_bra,desktop,17767,488,18319,18
885,2020-02-14,AdWords,adwords_bra,mobile,19128,1081,18781,2
886,2020-02-14,AdWords,adwords_pla,desktop,37328,1698,35666,83
887,2020-02-14,AdWords,adwords_pla,mobile,12828,804,11882,7
888,2020-02-14,AdWords,adwords_rem,desktop,5294,348,4952,15
889,2020-02-14,AdWords,adwords_sea,tablet,422,116,270,2
890,2020-02-14,HeurekaCz,heureka,desktop,11194,232,11085,6
891,2020-02-14,RtbHouse,rtbhouse,desktop,55494,2146,56472,21
892,2020-02-14,RtbHouse,rtbhouse,mobile,2299,141,2123,1
893,2020-02-14,Silverpop,emailing,desktop,101598,2698,104177,86
894,2020-02-14,Silverpop,emailing,mobile,1987,116,1867,3
895,2020-02-14,Sklik,sklik_bra,desktop,9892,464,9322,42
896,2020-02-14,Sklik,sklik_bra,mobile,4490,0,4649,2
897,2020-02-14,Sklik,sklik_pla,desktop,972,116,855,2
898,2020-02-14,Sklik,sklik_rem,desktop,1656,116,1557,10
899,2020-02-14,Sklik,sklik_rem,mobile,7591,116,7440,1
906,2020-02-15,AdWords,adwords_bra,desktop,5233,257,5052,10
907,2020-02-15,AdWords,adwords_bra,mobile,5052,141,5080,6
908,2020-02-15,AdWords,adwords_pla,desktop,7954,952,6905,10
909,2020-02-15,AdWords,adwords_pla,mobile,12352,1071,11131,11
910,2020-02-15,AdWords,adwords_rem,desktop,13578,1056,12811,7
911,2020-02-15,AdWords,adwords_rem,mobile,6390,257,6538,5
912,2020-02-15,RtbHouse,rtbhouse,desktop,5502,232,5333,6
913,2020-02-15,Silverpop,emailing,desktop,42063,2005,40566,84
914,2020-02-15,Silverpop,emailing,mobile,9234,605,8663,24
915,2020-02-15,Sklik,sklik_bra,desktop,29227,797,30244,22
916,2020-02-15,Sklik,sklik_rem,desktop,4014,232,3835,5
917,2020-02-15,ZboziCz,zbozi,desktop,2184,0,2237,2
918,2020-02-15,ZboziCz,zbozi,mobile,1515,116,1409,2
925,2020-02-16,AdWords,adwords_bra,desktop,13220,748,12553,23
926,2020-02-16,AdWords,adwords_bra,mobile,7466,348,7046,6
927,2020-02-16,AdWords,adwords_pla,desktop,51962,2081,50685,53
928,2020-02-16,AdWords,adwords_pla,mobile,6709,953,5577,12
929,2020-02-16,AdWords,adwords_pla,tablet,2109,116,2003,3
930,2020-02-16,AdWords,adwords_rem,desktop,1169,232,902,2
931,2020-02-16,AdWords,adwords_rem,mobile,2736,116,2638,19
932,2020-02-16,AdWords,adwords_rem,tablet,654,116,502,2
933,2020-02-16,HeurekaCz,heureka,desktop,269,141,93,1
934,2020-02-16,RtbHouse,rtbhouse,desktop,17347,548,17235,32
935,2020-02-16,RtbHouse,rtbhouse,mobile,7591,116,7440,1
936,2020-02-16,RtbHouse,rtbhouse,tablet,492,116,341,1
937,2020-02-16,Silverpop,emailing,desktop,89726,2424,89978,99
938,2020-02-16,Silverpop,emailing,mobile,3112,116,2960,1
939,2020-02-16,Sklik,sklik_bra,desktop,8221,630,7556,23
940,2020-02-16,Sklik,sklik_bra,tablet,1244,116,1093,6
941,2020-02-16,Sklik,sklik_pla,mobile,1292,141,1115,4
942,2020-02-16,Sklik,sklik_rem,desktop,5559,232,5405,15
949,2020-02-17,AdWords,adwords_bra,desktop,19674,861,18887,25
950,2020-02-17,AdWords,adwords_bra,mobile,338,0,338,2
951,2020-02-17,AdWords,adwords_pla,desktop,36449,2977,33317,44
952,2020-02-17,AdWords,adwords_pla,mobile,14439,1551,12688,21
953,2020-02-17,AdWords,adwords_rem,desktop,1597,141,1421,1
954,2020-02-17,HeurekaCz,heureka,desktop,362,116,246,1
955,2020-02-17,RtbHouse,rtbhouse,desktop,30263,1160,29028,9
956,2020-02-17,Silverpop,emailing,desktop,84728,5257,79697,165
957,2020-02-17,Silverpop,emailing,mobile,1233,141,1057,1
958,2020-02-17,Sklik,sklik_bra,desktop,15730,721,15327,25
959,2020-02-17,Sklik,sklik_pla,desktop,9190,373,8763,4
960,2020-02-17,Sklik,sklik_rem,mobile,2048,116,1928,3
961,2020-02-17,Sklik,sklik_sea,desktop,1691,116,1540,3
969,2020-02-18,AdWords,adwords_bra,desktop,34589,1295,33854,77
970,2020-02-18,AdWords,adwords_bra,mobile,16816,116,17763,7
971,2020-02-18,AdWords,adwords_pla,desktop,25223,2081,23163,41
972,2020-02-18,AdWords,adwords_pla,mobile,15210,1533,13355,26
973,2020-02-18,AdWords,adwords_pla,tablet,2041,232,1773,2
974,2020-02-18,AdWords,adwords_rem,desktop,1207,141,1066,3
975,2020-02-18,HeurekaCz,heureka,desktop,275,116,159,1
976,2020-02-18,RtbHouse,rtbhouse,desktop,11088,232,10865,9
977,2020-02-18,RtbHouse,rtbhouse,mobile,702,116,586,1
978,2020-02-18,RtbHouse,rtbhouse,tablet,1057,0,1057,1
979,2020-02-18,Silverpop,emailing,desktop,34168,2163,32212,61
980,2020-02-18,Silverpop,emailing,mobile,3778,348,3423,5
981,2020-02-18,Sklik,sklik_bra,desktop,31327,1263,31107,14
982,2020-02-18,Sklik,sklik_bra,mobile,639,116,488,1
983,2020-02-18,Sklik,sklik_sea,mobile,1332,116,1181,1
991,2020-02-19,AdWords,adwords_bra,desktop,16022,812,15152,25
992,2020-02-19,AdWords,adwords_bra,mobile,1334,232,1067,4
993,2020-02-19,AdWords,adwords_pla,desktop,35005,1901,32986,27
994,2020-02-19,AdWords,adwords_pla,mobile,11955,887,11072,54
995,2020-02-19,AdWords,adwords_pla,tablet,338,116,187,1
996,2020-02-19,AdWords,adwords_rem,mobile,5121,116,5001,2
997,2020-02-19,HeurekaCz,heureka,desktop,729,116,644,2
998,2020-02-19,RtbHouse,rtbhouse,desktop,12122,0,12154,4
999,2020-02-19,RtbHouse,rtbhouse,mobile,6410,232,6255,3
1000,2020-02-19,Silverpop,emailing,desktop,52512,3037,49725,93
1001,2020-02-19,Silverpop,emailing,mobile,1082,116,930,2
1002,2020-02-19,Sklik,sklik_bra,desktop,25252,720,25824,17
1003,2020-02-19,Sklik,sklik_pla,desktop,1120,116,969,1
1004,2020-02-19,Sklik,sklik_rem,desktop,3541,116,3537,4
1012,2020-02-20,AdWords,adwords_bra,desktop,11471,604,10865,29
1013,2020-02-20,AdWords,adwords_bra,mobile,3612,141,3436,1
1014,2020-02-20,AdWords,adwords_pla,desktop,48849,2943,46554,66
1015,2020-02-20,AdWords,adwords_pla,mobile,18187,1235,16910,24
1016,2020-02-20,AdWords,adwords_pla,tablet,2276,232,2007,3
1017,2020-02-20,AdWords,adwords_rem,desktop,13117,375,13183,10
1018,2020-02-20,HeurekaCz,heureka,mobile,2792,257,2510,5
1019,2020-02-20,RtbHouse,rtbhouse,desktop,14530,812,13761,19
1020,2020-02-20,RtbHouse,rtbhouse,mobile,1778,257,1451,2
1021,2020-02-20,Silverpop,emailing,desktop,81832,4680,80729,69
1022,2020-02-20,Silverpop,emailing,mobile,2808,232,2584,5
1023,2020-02-20,Silverpop,emailing,tablet,6310,256,6020,4
1024,2020-02-20,Sklik,sklik_bra,desktop,16402,572,15931,11
1025,2020-02-20,Sklik,sklik_pla,desktop,1946,116,1794,3
1026,2020-02-20,ZboziCz,zbozi,desktop,257,0,257,1
1033,2020-02-21,AdWords,adwords_bra,desktop,43665,1099,45825,20
1034,2020-02-21,AdWords,adwords_bra,mobile,2399,116,2279,8
1035,2020-02-21,AdWords,adwords_pla,desktop,23535,1873,21688,34
1036,2020-02-21,AdWords,adwords_pla,mobile,2400,232,2143,3
1037,2020-02-21,AdWords,adwords_pla,tablet,1097,141,921,2
1038,2020-02-21,AdWords,adwords_rem,desktop,2267,232,1995,6
1039,2020-02-21,AdWords,adwords_rem,mobile,1162,116,1011,1
1040,2020-02-21,HeurekaCz,heureka,desktop,479,116,328,1
1041,2020-02-21,RtbHouse,rtbhouse,desktop,745,116,593,1
1042,2020-02-21,Silverpop,emailing,desktop,77445,3313,77981,57
1043,2020-02-21,Silverpop,emailing,mobile,5720,348,5349,7
1044,2020-02-21,Sklik,sklik_bra,desktop,12491,734,11809,27
1053,2020-02-22,AdWords,adwords_bra,desktop,10522,489,10105,14
1054,2020-02-22,AdWords,adwords_bra,mobile,3908,257,3580,3
1055,2020-02-22,AdWords,adwords_bra,tablet,9656,541,9274,3
1056,2020-02-22,AdWords,adwords_pla,desktop,10731,1069,9583,17
1057,2020-02-22,AdWords,adwords_pla,mobile,5731,514,5107,6
1058,2020-02-22,AdWords,adwords_rem,desktop,7149,348,6920,19
1059,2020-02-22,RtbHouse,rtbhouse,desktop,9079,629,8540,14
1060,2020-02-22,Silverpop,emailing,desktop,36148,1964,35271,42
1061,2020-02-22,Silverpop,emailing,mobile,11046,959,10333,12
1062,2020-02-22,Sklik,sklik_bra,desktop,12502,489,12232,17
1063,2020-02-22,Sklik,sklik_bra,mobile,621,116,470,1
1064,2020-02-22,Sklik,sklik_rem,desktop,2560,116,2440,9
1070,2020-02-23,AdWords,adwords_bra,desktop,3039,348,2666,10
1071,2020-02-23,AdWords,adwords_bra,mobile,8887,541,8573,5
1072,2020-02-23,AdWords,adwords_pla,desktop,17286,1699,15636,37
1073,2020-02-23,AdWords,adwords_pla,mobile,15670,1185,14393,17
1074,2020-02-23,AdWords,adwords_rem,desktop,1930,141,1754,5
1075,2020-02-23,AdWords,adwords_rem,mobile,3746,232,3528,12
1076,2020-02-23,HeurekaCz,heureka,tablet,545,116,394,1
1077,2020-02-23,RtbHouse,rtbhouse,desktop,10848,629,10208,26
1078,2020-02-23,Silverpop,emailing,desktop,34785,1699,33510,80
1079,2020-02-23,Silverpop,emailing,mobile,5199,398,4811,7
1080,2020-02-23,Sklik,sklik_bra,desktop,6563,605,5915,17
1081,2020-02-23,Sklik,sklik_pla,desktop,363,116,247,1
1082,2020-02-23,Sklik,sklik_rem,desktop,4534,116,4529,15
1089,2020-02-24,AdWords,adwords_bra,desktop,64709,2072,62545,21
1090,2020-02-24,AdWords,adwords_bra,mobile,786,116,666,2
1091,2020-02-24,AdWords,adwords_pla,desktop,41586,2138,39606,60
1092,2020-02-24,AdWords,adwords_pla,mobile,15560,977,14524,11
1093,2020-02-24,AdWords,adwords_pla,tablet,1279,116,1127,1
1094,2020-02-24,AdWords,adwords_rem,desktop,4850,0,4850,4
1095,2020-02-24,RtbHouse,rtbhouse,desktop,17806,232,18462,16
1096,2020-02-24,RtbHouse,rtbhouse,mobile,1332,116,1181,1
1097,2020-02-24,Silverpop,emailing,desktop,39205,2180,37566,85
1098,2020-02-24,Silverpop,emailing,mobile,1175,116,1024,2
1099,2020-02-24,Silverpop,emailing,tablet,1614,116,1498,1
1100,2020-02-24,Sklik,sklik_bra,desktop,6737,432,6333,13
1101,2020-02-24,Sklik,sklik_pla,desktop,1701,116,1550,1
1102,2020-02-24,Sklik,sklik_rem,desktop,327,116,175,1
1108,2020-02-25,AdWords,adwords_bra,desktop,9865,572,9285,15
1109,2020-02-25,AdWords,adwords_bra,mobile,2873,141,2697,4
1110,2020-02-25,AdWords,adwords_pla,desktop,23870,1765,21893,35
1111,2020-02-25,AdWords,adwords_pla,mobile,8673,887,7693,23
1112,2020-02-25,AdWords,adwords_rem,desktop,3008,232,2750,8
1113,2020-02-25,AdWords,adwords_sea,mobile,4826,116,4709,1
1114,2020-02-25,HeurekaCz,heureka,desktop,1155,116,1035,3
1115,2020-02-25,RtbHouse,rtbhouse,desktop,17541,573,17706,14
1116,2020-02-25,RtbHouse,rtbhouse,mobile,337,116,186,2
1117,2020-02-25,RtbHouse,rtbhouse,tablet,996,116,845,1
1118,2020-02-25,Silverpop,emailing,desktop,21867,1557,20270,58
1119,2020-02-25,Silverpop,emailing,mobile,690,116,538,2
1120,2020-02-25,Sklik,sklik_bra,desktop,20531,773,19686,24
1121,2020-02-25,Sklik,sklik_rem,mobile,1697,116,1598,2
1122,2020-02-25,ZboziCz,zbozi,desktop,5828,605,5133,29
1123,2020-02-25,ZboziCz,zbozi,mobile,5565,1028,4320,33
1130,2020-02-26,AdWords,adwords_bra,desktop,8543,605,7986,21
1131,2020-02-26,AdWords,adwords_bra,mobile,7300,348,7004,4
1132,2020-02-26,AdWords,adwords_pla,desktop,102129,6469,94998,237
1133,2020-02-26,AdWords,adwords_pla,mobile,29884,4003,25079,97
1134,2020-02-26,AdWords,adwords_pla,tablet,877,232,573,2
1135,2020-02-26,AdWords,adwords_rem,desktop,8151,372,7943,45
1136,2020-02-26,HeurekaCz,heureka,desktop,1424,116,1354,8
1137,2020-02-26,RtbHouse,rtbhouse,desktop,17660,580,16991,45
1138,2020-02-26,RtbHouse,rtbhouse,mobile,3121,116,3152,8
1139,2020-02-26,RtbHouse,rtbhouse,tablet,3047,116,2896,11
1140,2020-02-26,Silverpop,emailing,desktop,41266,1740,40331,85
1141,2020-02-26,Silverpop,emailing,mobile,1309,257,1052,2
1142,2020-02-26,Sklik,sklik_bra,desktop,27640,953,26876,36
1143,2020-02-26,ZboziCz,zbozi,desktop,24610,2495,21737,100
1144,2020-02-26,ZboziCz,zbozi,mobile,16745,2097,14083,54
1145,2020-02-26,ZboziCz,zbozi,tablet,1958,141,1782,4
1154,2020-02-27,AdWords,adwords_bra,desktop,30879,1392,29767,60
1155,2020-02-27,AdWords,adwords_bra,mobile,6114,373,5680,16
1156,2020-02-27,AdWords,adwords_pla,desktop,54568,1722,53582,52
1157,2020-02-27,AdWords,adwords_pla,mobile,3517,539,2918,7
1158,2020-02-27,AdWords,adwords_pla,tablet,293,0,293,1
1159,2020-02-27,AdWords,adwords_rem,mobile,847,116,727,3
1160,2020-02-27,HeurekaCz,heureka,desktop,664,116,512,4
1161,2020-02-27,RtbHouse,rtbhouse,desktop,7597,373,7332,8
1162,2020-02-27,Silverpop,emailing,desktop,13921,605,13535,19
1163,2020-02-27,Silverpop,emailing,mobile,2605,257,2308,4
1164,2020-02-27,Sklik,sklik_bra,desktop,7872,630,7163,9
1165,2020-02-27,Sklik,sklik_bra,mobile,275,116,159,1
1173,2020-02-28,AdWords,adwords_bra,desktop,20533,1074,19346,21
1174,2020-02-28,AdWords,adwords_pla,desktop,36766,1838,35927,46
1175,2020-02-28,AdWords,adwords_pla,mobile,4112,464,3552,6
1176,2020-02-28,AdWords,adwords_pla,tablet,1242,232,971,4
1177,2020-02-28,AdWords,adwords_rem,desktop,3014,232,2763,5
1178,2020-02-28,HeurekaCz,heureka,desktop,1631,116,1480,1
1179,2020-02-28,HeurekaCz,heureka,mobile,1174,141,998,1
1180,2020-02-28,RtbHouse,rtbhouse,desktop,13219,397,12940,30
1181,2020-02-28,RtbHouse,rtbhouse,mobile,8115,513,7593,9
1182,2020-02-28,RtbHouse,rtbhouse,tablet,1806,141,1665,5
1183,2020-02-28,Silverpop,emailing,desktop,64680,2833,62960,145
1184,2020-02-28,Silverpop,emailing,mobile,4620,514,4000,7
1185,2020-02-28,Sklik,sklik_bra,desktop,9249,348,9087,9
1186,2020-02-28,Sklik,sklik_bra,mobile,1071,116,955,2
1187,2020-02-28,Sklik,sklik_bra,tablet,2935,116,2784,1
1188,2020-02-28,Sklik,sklik_pla,desktop,4506,140,4394,4
1189,2020-02-28,Sklik,sklik_sea,desktop,4308,232,4005,8
1195,2020-02-29,AdWords,adwords_bra,desktop,52976,489,54841,25
1196,2020-02-29,AdWords,adwords_bra,mobile,5671,232,5402,2
1197,2020-02-29,AdWords,adwords_pla,desktop,7048,348,6815,41
1198,2020-02-29,AdWords,adwords_pla,mobile,7746,721,6942,20
1199,2020-02-29,HeurekaCz,heureka,desktop,3720,232,3558,9
1200,2020-02-29,RtbHouse,rtbhouse,desktop,12148,488,11722,10
1201,2020-02-29,RtbHouse,rtbhouse,mobile,1587,116,1481,5
1202,2020-02-29,Silverpop,emailing,desktop,19062,1099,18112,25
1203,2020-02-29,Silverpop,emailing,mobile,6547,489,6116,16
1204,2020-02-29,Silverpop,emailing,tablet,683,116,567,3
1205,2020-02-29,Sklik,sklik_bra,mobile,1643,116,1572,2
1206,2020-02-29,Sklik,sklik_rem,desktop,517,116,401,1
1207,2020-02-29,Sklik,sklik_sea,desktop,1350,141,1174,1
1208,2020-02-29,Sklik,sklik_sea,mobile,4731,116,4738,9
1214,2020-03-01,AdWords,adwords_bra,desktop,5895,257,5666,14
1215,2020-03-01,AdWords,adwords_bra,mobile,6345,489,5794,13
1216,2020-03-01,AdWords,adwords_pla,desktop,30273,2444,27758,42
1217,2020-03-01,AdWords,adwords_pla,mobile,12533,1673,10568,18
1218,2020-03-01,AdWords,adwords_pla,tablet,1760,282,1406,4
1219,2020-03-01,AdWords,adwords_rem,mobile,1325,116,1174,1
1220,2020-03-01,RtbHouse,rtbhouse,desktop,18783,928,17953,39
1221,2020-03-01,RtbHouse,rtbhouse,tablet,1325,116,1174,1
1222,2020-03-01,Silverpop,emailing,desktop,98387,3680,99080,47
1223,2020-03-01,Sklik,sklik_bra,desktop,7203,257,6921,6
1224,2020-03-01,Sklik,sklik_bra,mobile,762,141,586,1
1225,2020-03-01,Sklik,sklik_pla,desktop,691,116,539,1
1226,2020-03-01,Sklik,sklik_rem,desktop,1102,116,1017,3
1227,2020-03-01,Sklik,sklik_rem,mobile,805,116,654,1
1234,2020-03-02,AdWords,adwords_bra,desktop,16018,348,15633,17
1235,2020-03-02,AdWords,adwords_pla,desktop,77724,3129,74408,69
1236,2020-03-02,AdWords,adwords_pla,mobile,27827,1674,26137,33
1237,2020-03-02,AdWords,adwords_pla,tablet,486,116,335,1
1238,2020-03-02,AdWords,adwords_rem,desktop,1540,282,1290,3
1239,2020-03-02,HeurekaCz,heureka,desktop,1795,116,1697,2
1240,2020-03-02,HeurekaCz,heureka,mobile,470,0,470,1
1241,2020-03-02,RtbHouse,rtbhouse,desktop,4130,464,3610,14
1242,2020-03-02,RtbHouse,rtbhouse,mobile,4793,200,4717,3
1243,2020-03-02,Silverpop,emailing,desktop,127093,3442,123937,85
1244,2020-03-02,Silverpop,emailing,mobile,842,116,723,2
1245,2020-03-02,Silverpop,emailing,tablet,3871,116,3801,3
1246,2020-03-02,Sklik,sklik_bra,desktop,20676,1572,19437,12
1247,2020-03-02,Sklik,sklik_bra,mobile,5320,116,5213,3
1248,2020-03-02,Sklik,sklik_pla,desktop,1929,116,1778,3
1249,2020-03-02,Sklik,sklik_sea,desktop,1718,116,1567,5
1250,2020-03-02,ZboziCz,zbozi,desktop,3706,116,3668,9
1257,2020-03-03,AdWords,adwords_bra,desktop,10176,580,9826,16
1258,2020-03-03,AdWords,adwords_bra,mobile,3563,464,2992,45
1259,2020-03-03,AdWords,adwords_pla,desktop,30282,2105,27951,45
1260,2020-03-03,AdWords,adwords_pla,mobile,12273,1210,10942,59
1261,2020-03-03,AdWords,adwords_pla,tablet,580,141,439,2
1262,2020-03-03,AdWords,adwords_rem,mobile,9516,373,9422,5
1263,2020-03-03,AdWords,adwords_sea,desktop,759,116,639,2
1264,2020-03-03,HeurekaCz,heureka,desktop,5097,375,4842,5
1265,2020-03-03,HeurekaCz,heureka,mobile,1317,141,1141,13
1266,2020-03-03,RtbHouse,rtbhouse,desktop,36478,885,36363,71
1267,2020-03-03,RtbHouse,rtbhouse,mobile,4850,116,4745,2
1268,2020-03-03,Silverpop,emailing,desktop,42648,1905,40553,59
1269,2020-03-03,Silverpop,emailing,mobile,6647,489,6130,6
1270,2020-03-03,Sklik,sklik_bra,desktop,832,116,680,1
1271,2020-03-03,Sklik,sklik_bra,mobile,5858,316,5679,7
1272,2020-03-03,Sklik,sklik_pla,desktop,4464,200,4387,2
1273,2020-03-03,Sklik,sklik_rem,desktop,2278,232,2130,4
1274,2020-03-03,Sklik,sklik_rem,tablet,744,116,592,2
1275,2020-03-03,Sklik,sklik_sea,desktop,791,116,707,3
1276,2020-03-03,ZboziCz,zbozi,desktop,2081,232,1809,4
1282,2020-03-04,AdWords,adwords_bra,desktop,33387,1811,31653,40
1283,2020-03-04,AdWords,adwords_bra,mobile,1856,141,1711,2
1284,2020-03-04,AdWords,adwords_pla,desktop,21182,2520,18245,33
1285,2020-03-04,AdWords,adwords_pla,mobile,16125,1958,14029,29
1286,2020-03-04,AdWords,adwords_rem,desktop,1637,116,1486,1
1287,2020-03-04,HeurekaCz,heureka,desktop,3881,348,3624,7
1288,2020-03-04,RtbHouse,rtbhouse,desktop,3242,116,3172,7
1289,2020-03-04,RtbHouse,rtbhouse,mobile,8372,432,7865,6
1290,2020-03-04,Silverpop,emailing,desktop,73218,3225,71163,127
1291,2020-03-04,Silverpop,emailing,mobile,2789,257,2549,8
1292,2020-03-04,Sklik,sklik_bra,desktop,1795,116,1697,2
1293,2020-03-04,Sklik,sklik_bra,mobile,3458,116,3390,7
1294,2020-03-04,Sklik,sklik_pla,tablet,304,141,128,1
1295,2020-03-04,Sklik,sklik_rem,desktop,2173,257,1913,5
1296,2020-03-04,Sklik,sklik_rem,mobile,2369,232,2132,4
1303,2020-03-05,AdWords,adwords_bra,desktop,34128,1674,33141,31
1304,2020-03-05,AdWords,adwords_pla,desktop,50613,2308,48274,38
1305,2020-03-05,AdWords,adwords_pla,mobile,8479,937,7429,13
1306,2020-03-05,AdWords,adwords_rem,desktop,3337,116,3332,10
1307,2020-03-05,HeurekaCz,heureka,desktop,2000,257,1704,3
1308,2020-03-05,HeurekaCz,heureka,mobile,996,116,877,2
1309,2020-03-05,RtbHouse,rtbhouse,desktop,2746,232,2479,2
1310,2020-03-05,RtbHouse,rtbhouse,mobile,569,141,393,1
1311,2020-03-05,Silverpop,emailing,desktop,47824,2717,45077,38
1312,2020-03-05,Silverpop,emailing,mobile,1168,116,1048,3
1313,2020-03-05,Sklik,sklik_bra,desktop,57402,1944,57867,27
1314,2020-03-05,Sklik,sklik_rem,desktop,555,116,403,3
1315,2020-03-05,Sklik,sklik_sea,desktop,998,141,821,1
1316,2020-03-05,Sklik,sklik_sea,mobile,1737,116,1631,2
1317,2020-03-05,ZboziCz,zbozi,desktop,64003,0,64003,1
1322,2020-03-06,AdWords,adwords_bra,desktop,28087,1671,26905,28
1323,2020-03-06,AdWords,adwords_bra,mobile,634,0,665,2
1324,2020-03-06,AdWords,adwords_pla,desktop,37721,2826,34927,66
1325,2020-03-06,AdWords,adwords_pla,mobile,22108,1269,20765,23
1326,2020-03-06,AdWords,adwords_pla,tablet,1038,116,918,3
1327,2020-03-06,AdWords,adwords_sea,mobile,1326,116,1174,1
1328,2020-03-06,HeurekaCz,heureka,desktop,8598,348,8440,4
1329,2020-03-06,RtbHouse,rtbhouse,desktop,4541,348,4085,4
1330,2020-03-06,RtbHouse,rtbhouse,mobile,2499,232,2309,4
1331,2020-03-06,Silverpop,emailing,desktop,43848,1792,42361,76
1332,2020-03-06,Silverpop,emailing,mobile,4365,232,4220,3
1333,2020-03-06,Sklik,sklik_bra,desktop,4241,373,3814,12
1334,2020-03-06,Sklik,sklik_bra,mobile,3584,141,3408,7
1335,2020-03-06,Sklik,sklik_pla,desktop,1713,116,1562,1
1336,2020-03-06,Sklik,sklik_rem,mobile,215,141,39,1
1344,2020-03-07,AdWords,adwords_bra,desktop,9494,489,9008,12
1345,2020-03-07,AdWords,adwords_bra,mobile,7971,464,7513,16
1346,2020-03-07,AdWords,adwords_bra,tablet,2264,116,2144,4
1347,2020-03-07,AdWords,adwords_pla,desktop,9095,1068,7851,18
1348,2020-03-07,AdWords,adwords_pla,mobile,20444,952,19486,35
1349,2020-03-07,HeurekaCz,heureka,desktop,1403,116,1287,1
1350,2020-03-07,RtbHouse,rtbhouse,desktop,22856,257,24172,12
1351,2020-03-07,Silverpop,emailing,desktop,41007,2615,38977,79
1352,2020-03-07,Silverpop,emailing,mobile,15787,259,15950,10
1353,2020-03-07,Sklik,sklik_bra,desktop,5893,348,5506,8
1354,2020-03-07,Sklik,sklik_rem,desktop,6691,200,6614,2
1355,2020-03-07,ZboziCz,zbozi,mobile,409,116,293,1
1363,2020-03-08,AdWords,adwords_bra,desktop,10694,837,9923,35
1364,2020-03-08,AdWords,adwords_bra,mobile,2648,348,2229,7
1365,2020-03-08,AdWords,adwords_bra,tablet,3402,116,3250,2
1366,2020-03-08,AdWords,adwords_pla,desktop,46301,2728,44142,79
1367,2020-03-08,AdWords,adwords_pla,mobile,14361,1385,12872,21
1368,2020-03-08,AdWords,adwords_rem,desktop,6561,232,6371,6
1369,2020-03-08,AdWords,adwords_rem,mobile,1724,116,1604,2
1370,2020-03-08,AdWords,adwords_sea,desktop,1727,116,1576,2
1371,2020-03-08,HeurekaCz,heureka,desktop,2178,116,2062,5
1372,2020-03-08,RtbHouse,rtbhouse,desktop,19103,978,18359,27
1373,2020-03-08,RtbHouse,rtbhouse,mobile,1613,232,1346,2
1374,2020-03-08,Silverpop,emailing,desktop,63549,2242,63171,121
1375,2020-03-08,Silverpop,emailing,mobile,1900,232,1630,3
1376,2020-03-08,Silverpop,emailing,tablet,1367,232,1063,3
1377,2020-03-08,Sklik,sklik_bra,desktop,13705,604,13162,19
1378,2020-03-08,Sklik,sklik_pla,tablet,3570,140,3395,1
1379,2020-03-08,Sklik,sklik_rem,desktop,3518,232,3286,7
1386,2020-03-09,AdWords,adwords_bra,desktop,40091,2072,38137,36
1387,2020-03-09,AdWords,adwords_bra,mobile,2011,232,1709,2
1388,2020-03-09,AdWords,adwords_bra,tablet,6027,0,6174,2
1389,2020-03-09,AdWords,adwords_pla,desktop,20305,1392,18976,63
1390,2020-03-09,AdWords,adwords_pla,mobile,17860,1533,16208,24
1391,2020-03-09,HeurekaCz,heureka,mobile,1705,232,1455,3
1392,2020-03-09,RtbHouse,rtbhouse,desktop,13512,232,13391,9
1393,2020-03-09,Silverpop,emailing,desktop,35808,1838,33843,36
1394,2020-03-09,Silverpop,emailing,mobile,3745,257,3464,15
1395,2020-03-09,Sklik,sklik_bra,desktop,3156,116,3004,3
1396,2020-03-09,Sklik,sklik_pla,desktop,1348,116,1196,2
1397,2020-03-09,Sklik,sklik_rem,desktop,3057,116,2941,3
1398,2020-03-09,ZboziCz,zbozi,mobile,3911,116,3759,1
1403,2020-03-10,AdWords,adwords_bra,desktop,10662,889,9733,32
1404,2020-03-10,AdWords,adwords_bra,mobile,2146,232,1888,11
1405,2020-03-10,AdWords,adwords_pla,desktop,44121,3199,40658,100
1406,2020-03-10,AdWords,adwords_pla,mobile,2167,232,1864,3
1407,2020-03-10,AdWords,adwords_rem,desktop,3948,116,3990,5
1408,2020-03-10,RtbHouse,rtbhouse,desktop,14981,889,14026,18
1409,2020-03-10,RtbHouse,rtbhouse,mobile,1992,116,1841,1
1410,2020-03-10,Silverpop,emailing,desktop,70434,4161,67056,76
1411,2020-03-10,Silverpop,emailing,mobile,4204,281,3920,3
1412,2020-03-10,Silverpop,emailing,tablet,1290,116,1174,1
1413,2020-03-10,Sklik,sklik_bra,desktop,14836,598,14186,14
1414,2020-03-10,Sklik,sklik_pla,desktop,1164,116,1048,3
1415,2020-03-10,Sklik,sklik_sea,desktop,454,116,337,1
1416,2020-03-10,ZboziCz,zbozi,desktop,1848,116,1743,2
1425,2020-03-11,AdWords,adwords_bra,desktop,43458,1392,43863,24
1426,2020-03-11,AdWords,adwords_bra,mobile,2349,0,2349,1
1427,2020-03-11,AdWords,adwords_pla,desktop,9500,696,8770,14
1428,2020-03-11,AdWords,adwords_pla,mobile,15681,1435,14321,18
1429,2020-03-11,HeurekaCz,heureka,desktop,1585,116,1500,3
1430,2020-03-11,RtbHouse,rtbhouse,desktop,4451,398,4064,9
1431,2020-03-11,RtbHouse,rtbhouse,tablet,21721,0,22801,11
1432,2020-03-11,Silverpop,emailing,desktop,73501,2176,72813,52
1433,2020-03-11,Silverpop,emailing,mobile,14740,316,15536,4
1434,2020-03-11,Silverpop,emailing,tablet,385,116,269,1
1435,2020-03-11,Sklik,sklik_bra,desktop,30493,1037,29297,34
1436,2020-03-11,Sklik,sklik_bra,mobile,1678,116,1527,1
1437,2020-03-11,Sklik,sklik_rem,desktop,4057,256,3762,3
1438,2020-03-11,ZboziCz,zbozi,desktop,394,0,394,1
1439,2020-03-11,ZboziCz,zbozi,tablet,1491,141,1315,1
1446,2020-03-12,AdWords,adwords_bra,desktop,62304,548,66487,21
1447,2020-03-12,AdWords,adwords_bra,mobile,3901,259,3607,2
1448,2020-03-12,AdWords,adwords_bra,tablet,1487,141,1311,3
1449,2020-03-12,AdWords,adwords_pla,desktop,42910,2909,39868,65
1450,2020-03-12,AdWords,adwords_pla,mobile,5879,696,5017,16
1451,2020-03-12,RtbHouse,rtbhouse,desktop,47731,1069,46830,54
1452,2020-03-12,RtbHouse,rtbhouse,mobile,444,116,293,1
1453,2020-03-12,Silverpop,emailing,desktop,72403,4364,69320,79
1454,2020-03-12,Silverpop,emailing,mobile,2220,0,2220,1
1455,2020-03-12,Silverpop,emailing,tablet,2248,116,2128,2
1456,2020-03-12,Sklik,sklik_bra,desktop,4631,373,4197,12
1457,2020-03-12,Sklik,sklik_bra,tablet,3744,140,3727,14
1458,2020-03-12,Sklik,sklik_rem,mobile,1414,116,1298,1
1459,2020-03-12,ZboziCz,zbozi,desktop,18038,432,18635,4
1464,2020-03-13,AdWords,adwords_bra,desktop,9708,572,9075,8
1465,2020-03-13,AdWords,adwords_pla,desktop,36132,1725,34496,57
1466,2020-03-13,AdWords,adwords_pla,mobile,12768,911,11938,17
1467,2020-03-13,HeurekaCz,heureka,desktop,8346,348,8139,9
1468,2020-03-13,HeurekaCz,heureka,mobile,1560,116,1409,1
1469,2020-03-13,RtbHouse,rtbhouse,desktop,4507,256,4180,3
1470,2020-03-13,RtbHouse,rtbhouse,mobile,5650,316,5457,4
1471,2020-03-13,Silverpop,emailing,desktop,76301,3618,73594,84
1472,2020-03-13,Silverpop,emailing,mobile,22765,348,23509,26
1473,2020-03-13,Sklik,sklik_bra,desktop,12944,632,12434,13
1474,2020-03-13,Sklik,sklik_bra,mobile,1255,116,1103,1
1475,2020-03-13,Sklik,sklik_rem,desktop,334,116,182,1
1476,2020-03-13,ZboziCz,zbozi,desktop,3368,232,3145,3
1482,2020-03-14,AdWords,adwords_bra,desktop,12361,657,11967,11
1483,2020-03-14,AdWords,adwords_pla,desktop,35981,2279,33750,77
1484,2020-03-14,AdWords,adwords_pla,mobile,3084,605,2336,12
1485,2020-03-14,AdWords,adwords_pla,tablet,2832,348,2412,3
1486,2020-03-14,AdWords,adwords_sea,tablet,419,141,242,1
1487,2020-03-14,RtbHouse,rtbhouse,desktop,5424,232,5201,6
1488,2020-03-14,Silverpop,emailing,desktop,52358,2087,52110,41
1489,2020-03-14,Silverpop,emailing,mobile,1540,116,1469,2
1490,2020-03-14,Silverpop,emailing,tablet,3537,116,3473,7
1491,2020-03-14,Sklik,sklik_bra,desktop,2494,140,2372,2
1492,2020-03-14,ZboziCz,zbozi,desktop,1263,116,1111,3
1499,2020-03-15,AdWords,adwords_bra,desktop,15195,1222,14232,15
1500,2020-03-15,AdWords,adwords_bra,mobile,3470,489,2840,12
1501,2020-03-15,AdWords,adwords_pla,desktop,16611,2009,14436,37
1502,2020-03-15,AdWords,adwords_pla,mobile,24876,3280,21146,60
1503,2020-03-15,AdWords,adwords_rem,mobile,2646,116,2495,2
1504,2020-03-15,HeurekaCz,heureka,desktop,9728,0,9728,1
1505,2020-03-15,RtbHouse,rtbhouse,desktop,10788,232,10830,16
1506,2020-03-15,RtbHouse,rtbhouse,mobile,6758,232,6672,3
1507,2020-03-15,RtbHouse,rtbhouse,tablet,938,0,938,2
1508,2020-03-15,Silverpop,emailing,desktop,67513,3104,66481,48
1509,2020-03-15,Silverpop,emailing,mobile,11241,657,10514,6
1510,2020-03-15,Sklik,sklik_bra,desktop,4082,257,3800,5
1511,2020-03-15,Sklik,sklik_pla,mobile,397,116,281,1
1512,2020-03-15,Sklik,sklik_pla,tablet,268,116,116,1
1513,2020-03-15,Sklik,sklik_rem,mobile,410,0,410,1
1518,2020-03-16,AdWords,adwords_bra,desktop,17933,1005,17163,49
1519,2020-03-16,AdWords,adwords_pla,desktop,34600,3671,30629,98
1520,2020-03-16,AdWords,adwords_pla,mobile,15013,2263,12414,39
1521,2020-03-16,RtbHouse,rtbhouse,desktop,1380,116,1309,19
1522,2020-03-16,RtbHouse,rtbhouse,mobile,985,116,869,1
1523,2020-03-16,Silverpop,emailing,desktop,45746,3174,43738,85
1524,2020-03-16,Silverpop,emailing,mobile,3483,400,3147,6
1525,2020-03-16,Sklik,sklik_bra,desktop,2975,373,2495,12
1526,2020-03-16,Sklik,sklik_rem,desktop,2063,116,1911,14
1527,2020-03-16,ZboziCz,zbozi,desktop,4460,232,4193,2
1528,2020-03-16,ZboziCz,zbozi,mobile,1591,116,1485,2
1533,2020-03-17,AdWords,adwords_bra,desktop,24688,1185,23639,55
1534,2020-03-17,AdWords,adwords_bra,mobile,846,116,730,3
1535,2020-03-17,AdWords,adwords_pla,desktop,32497,2717,29611,208
1536,2020-03-17,AdWords,adwords_pla,mobile,5658,1185,4250,39
1537,2020-03-17,AdWords,adwords_pla,tablet,874,116,723,1
1538,2020-03-17,AdWords,adwords_rem,desktop,3410,232,3188,4
1539,2020-03-17,HeurekaCz,heureka,desktop,1311,116,1195,1
1540,2020-03-17,HeurekaCz,heureka,mobile,405,116,289,2
1541,2020-03-17,RtbHouse,rtbhouse,desktop,2823,348,2404,4
1542,2020-03-17,RtbHouse,rtbhouse,mobile,354,116,202,1
1543,2020-03-17,Silverpop,emailing,desktop,84152,4152,82671,88
1544,2020-03-17,Silverpop,emailing,mobile,2657,232,2436,3
1545,2020-03-17,Sklik,sklik_bra,desktop,12160,1179,11051,23
1546,2020-03-17,Sklik,sklik_pla,desktop,502,116,385,2
1547,2020-03-17,Sklik,sklik_sea,desktop,489,116,337,1
1548,2020-03-17,ZboziCz,zbozi,desktop,679,116,528,1
1549,2020-03-17,ZboziCz,zbozi,mobile,603,116,451,5
1555,2020-03-18,AdWords,adwords_bra,desktop,13523,348,13983,22
1556,2020-03-18,AdWords,adwords_bra,mobile,1381,232,1079,2
1557,2020-03-18,AdWords,adwords_bra,tablet,350,116,234,1
1558,2020-03-18,AdWords,adwords_pla,desktop,26375,3182,22690,65
1559,2020-03-18,AdWords,adwords_pla,mobile,12825,1765,10771,36
1560,2020-03-18,AdWords,adwords_rem,desktop,5769,257,5636,7
1561,2020-03-18,HeurekaCz,heureka,desktop,510,116,394,1
1562,2020-03-18,RtbHouse,rtbhouse,desktop,16036,372,15921,7
1563,2020-03-18,RtbHouse,rtbhouse,mobile,3483,116,3377,19
1564,2020-03-18,Silverpop,emailing,desktop,41396,3061,38785,72
1565,2020-03-18,Silverpop,emailing,mobile,5444,464,4918,10
1566,2020-03-18,Sklik,sklik_bra,desktop,10839,256,10548,13
1567,2020-03-18,Sklik,sklik_pla,mobile,643,116,491,2
1568,2020-03-18,Sklik,sklik_rem,desktop,562,116,410,1
1569,2020-03-18,ZboziCz,zbozi,desktop,2267,348,1849,12
1574,2020-03-19,AdWords,adwords_bra,desktop,30182,977,29479,48
1575,2020-03-19,AdWords,adwords_bra,tablet,1846,116,1695,4
1576,2020-03-19,AdWords,adwords_pla,desktop,82032,3708,79245,111
1577,2020-03-19,AdWords,adwords_pla,mobile,14087,1765,12309,48
1578,2020-03-19,AdWords,adwords_pla,tablet,985,116,833,1
1579,2020-03-19,HeurekaCz,heureka,desktop,257,116,141,1
1580,2020-03-19,HeurekaCz,heureka,mobile,1759,200,1524,2
1581,2020-03-19,RtbHouse,rtbhouse,mobile,843,116,691,1
1582,2020-03-19,Silverpop,emailing,desktop,43434,2726,41923,76
1583,2020-03-19,Silverpop,emailing,tablet,1507,116,1436,3
1584,2020-03-19,Sklik,sklik_bra,desktop,5753,373,5521,8
1585,2020-03-19,Sklik,sklik_pla,desktop,656,116,539,1
1586,2020-03-19,Sklik,sklik_rem,desktop,3037,116,2886,4
1587,2020-03-19,ZboziCz,zbozi,desktop,270,116,119,1
1592,2020-03-20,AdWords,adwords_bra,desktop,5937,348,5650,12
1593,2020-03-20,AdWords,adwords_bra,mobile,2564,116,2412,7
1594,2020-03-20,AdWords,adwords_bra,tablet,16552,799,16833,4
1595,2020-03-20,AdWords,adwords_pla,desktop,56237,4122,53302,97
1596,2020-03-20,AdWords,adwords_pla,mobile,29616,5271,25122,124
1597,2020-03-20,AdWords,adwords_rem,desktop,2922,232,2746,19
1598,2020-03-20,HeurekaCz,heureka,mobile,611,141,435,1
1599,2020-03-20,RtbHouse,rtbhouse,desktop,21656,721,21117,29
1600,2020-03-20,Silverpop,emailing,desktop,48261,2932,45991,117
1601,2020-03-20,Silverpop,emailing,mobile,4386,464,3861,5
1602,2020-03-20,Silverpop,emailing,tablet,1247,116,1130,1
1603,2020-03-20,Sklik,sklik_bra,desktop,11734,232,11851,5
1604,2020-03-20,ZboziCz,zbozi,mobile,659,116,543,3
1611,2020-03-21,AdWords,adwords_bra,desktop,914,116,798,2
1612,2020-03-21,AdWords,adwords_bra,tablet,2878,140,2703,2
1613,2020-03-21,AdWords,adwords_pla,desktop,16773,1815,14850,116
1614,2020-03-21,AdWords,adwords_pla,mobile,11290,2420,8549,40
1615,2020-03-21,AdWords,adwords_pla,tablet,758,232,490,2
1616,2020-03-21,HeurekaCz,heureka,desktop,33356,1313,33923,13
1617,2020-03-21,RtbHouse,rtbhouse,desktop,75305,2136,74979,7
1618,2020-03-21,RtbHouse,rtbhouse,mobile,1692,232,1390,2
1619,2020-03-21,Silverpop,emailing,desktop,33744,2344,31386,47
1620,2020-03-21,Silverpop,emailing,mobile,461,141,320,1
1621,2020-03-21,Sklik,sklik_bra,desktop,26041,1397,25808,15
1622,2020-03-21,Sklik,sklik_bra,mobile,233,116,116,1
1623,2020-03-21,Sklik,sklik_pla,desktop,1746,116,1595,1
1624,2020-03-21,Sklik,sklik_pla,tablet,1429,116,1358,3
1625,2020-03-21,Sklik,sklik_rem,desktop,7685,372,7322,6
1626,2020-03-21,Sklik,sklik_sea,desktop,917,116,800,7
1627,2020-03-21,ZboziCz,zbozi,desktop,197,116,81,1
1633,2020-03-22,AdWords,adwords_bra,desktop,38937,1494,38947,179
1634,2020-03-22,AdWords,adwords_bra,mobile,12964,140,13923,7
1635,2020-03-22,AdWords,adwords_pla,desktop,44296,2237,42709,87
1636,2020-03-22,AdWords,adwords_pla,mobile,20593,2909,17278,43
1637,2020-03-22,AdWords,adwords_pla,tablet,4572,348,4188,8
1638,2020-03-22,AdWords,adwords_sea,mobile,875,116,723,1
1639,2020-03-22,HeurekaCz,heureka,mobile,560,257,302,19
1640,2020-03-22,RtbHouse,rtbhouse,desktop,31281,727,32476,34
1641,2020-03-22,Silverpop,emailing,desktop,51432,3267,49561,74
1642,2020-03-22,Sklik,sklik_bra,desktop,2739,257,2457,4
1643,2020-03-22,Sklik,sklik_pla,desktop,1602,116,1450,1
1644,2020-03-22,Sklik,sklik_rem,desktop,2878,140,2748,3
1645,2020-03-22,ZboziCz,zbozi,mobile,838,116,687,1
1651,2020-03-23,AdWords,adwords_bra,desktop,92786,3650,90442,118
1652,2020-03-23,AdWords,adwords_bra,mobile,6157,257,6076,30
1653,2020-03-23,AdWords,adwords_bra,tablet,1357,116,1286,8
1654,2020-03-23,AdWords,adwords_pla,desktop,46090,3161,42731,54
1655,2020-03-23,AdWords,adwords_pla,mobile,13268,2072,10956,28
1656,2020-03-23,AdWords,adwords_pla,tablet,1625,232,1322,5
1657,2020-03-23,HeurekaCz,heureka,desktop,15109,200,14874,3
1658,2020-03-23,RtbHouse,rtbhouse,desktop,19835,489,20420,9
1659,2020-03-23,Silverpop,emailing,desktop,38300,2075,36441,34
1660,2020-03-23,Silverpop,emailing,mobile,3858,256,3578,7
1661,2020-03-23,Sklik,sklik_bra,desktop,37352,891,38605,23
1662,2020-03-23,Sklik,sklik_pla,desktop,806,257,514,3
1663,2020-03-23,Sklik,sklik_rem,desktop,1138,116,1021,1
1664,2020-03-23,Sklik,sklik_rem,mobile,327,116,210,1
1671,2020-03-24,AdWords,adwords_bra,desktop,22534,1061,21840,35
1672,2020-03-24,AdWords,adwords_bra,tablet,2316,116,2200,4
1673,2020-03-24,AdWords,adwords_pla,desktop,61495,3755,57872,142
1674,2020-03-24,AdWords,adwords_pla,mobile,10488,2022,8144,31
1675,2020-03-24,AdWords,adwords_pla,tablet,404,116,288,1
1676,2020-03-24,HeurekaCz,heureka,desktop,2690,270,2384,1
1677,2020-03-24,Silverpop,emailing,desktop,58104,3058,55177,57
1678,2020-03-24,Silverpop,emailing,mobile,5106,256,4824,3
1679,2020-03-24,Sklik,sklik_bra,desktop,8793,773,8019,11
1680,2020-03-24,Sklik,sklik_bra,mobile,2536,116,2437,3
1681,2020-03-24,Sklik,sklik_rem,desktop,4769,116,4653,8
1690,2020-03-25,AdWords,adwords_bra,desktop,17567,1005,17670,12
1691,2020-03-25,AdWords,adwords_pla,desktop,37079,2577,34952,179
1692,2020-03-25,AdWords,adwords_pla,mobile,13766,1533,12109,49
1693,2020-03-25,AdWords,adwords_pla,tablet,1356,116,1250,2
1694,2020-03-25,AdWords,adwords_rem,desktop,6213,256,6116,10
1695,2020-03-25,AdWords,adwords_sea,desktop,2432,116,2316,1
1696,2020-03-25,HeurekaCz,heureka,desktop,6190,397,5757,3
1697,2020-03-25,Silverpop,emailing,desktop,84447,3645,82776,106
1698,2020-03-25,Silverpop,emailing,mobile,6806,514,6309,11
1699,2020-03-25,Sklik,sklik_bra,desktop,1518,232,1216,4
1700,2020-03-25,Sklik,sklik_pla,desktop,1104,116,988,1
1701,2020-03-25,Sklik,sklik_rem,desktop,13051,432,12876,4
