,createdAt,platformCode,channelCode,revenue
0,2020-01-02,AdWords,adwords_bra,5581
1,2020-01-02,AdWords,adwords_pla,60605
2,2020-01-02,AdWords,adwords_rem,2681
3,2020-01-02,HeurekaCz,heureka,15131
4,2020-01-02,RtbHouse,rtbhouse,1082
5,2020-01-02,Silverpop,emailing,53613
6,2020-01-02,Sklik,sklik_bra,11119
7,2020-01-02,Sklik,sklik_sea,6067
8,2020-01-02,ZboziCz,zbozi,845
9,2020-01-02,notset,direct,25288
10,2020-01-02,notset,facebook,1082
11,2020-01-02,notset,notset,3488
12,2020-01-02,notset,organic,28574
13,2020-01-02,notset,referral,816
14,2020-01-03,AdWords,adwords_bra,35045
15,2020-01-03,AdWords,adwords_pla,43503
16,2020-01-03,AdWords,adwords_rem,546
17,2020-01-03,RtbHouse,rtbhouse,2815
18,2020-01-03,Silverpop,emailing,105088
19,2020-01-03,Sklik,sklik_bra,21609
20,2020-01-03,Sklik,sklik_sea,1173
21,2020-01-03,notset,direct,20672
22,2020-01-03,notset,internal,716
23,2020-01-03,notset,organic,13874
24,2020-01-03,notset,referral,3690
25,2020-01-04,AdWords,adwords_bra,5925
26,2020-01-04,AdWords,adwords_pla,27698
27,2020-01-04,AdWords,adwords_rem,2407
28,2020-01-04,RtbHouse,rtbhouse,26502
29,2020-01-04,Silverpop,emailing,88298
30,2020-01-04,Sklik,sklik_bra,4752
31,2020-01-04,Sklik,sklik_pla,1604
32,2020-01-04,ZboziCz,zbozi,1873
33,2020-01-04,notset,direct,1809
34,2020-01-04,notset,internal,1367
35,2020-01-04,notset,organic,11267
36,2020-01-04,notset,referral,992
37,2020-01-05,AdWords,adwords_bra,29600
38,2020-01-05,AdWords,adwords_pla,34205
39,2020-01-05,AdWords,adwords_rem,904
40,2020-01-05,RtbHouse,rtbhouse,14933
41,2020-01-05,Silverpop,emailing,53834
42,2020-01-05,Sklik,sklik_bra,39356
43,2020-01-05,Sklik,sklik_pla,1452
44,2020-01-05,Sklik,sklik_rem,1327
45,2020-01-05,ZboziCz,zbozi,2022
46,2020-01-05,notset,direct,9244
47,2020-01-05,notset,internal,3916
48,2020-01-05,notset,organic,11323
49,2020-01-05,notset,referral,4076
50,2020-01-06,AdWords,adwords_bra,88664
51,2020-01-06,AdWords,adwords_pla,58056
52,2020-01-06,AdWords,adwords_rem,1401
53,2020-01-06,AdWords,adwords_sea,92
54,2020-01-06,HeurekaCz,heureka,9715
55,2020-01-06,RtbHouse,rtbhouse,9649
56,2020-01-06,Silverpop,emailing,51416
57,2020-01-06,Sklik,sklik_bra,23436
58,2020-01-06,Sklik,sklik_pla,1033
59,2020-01-06,Sklik,sklik_rem,5329
60,2020-01-06,Sklik,sklik_sea,11526
61,2020-01-06,ZboziCz,zbozi,3557
62,2020-01-06,notset,direct,31393
63,2020-01-06,notset,internal,1226
64,2020-01-06,notset,notset,1044
65,2020-01-06,notset,organic,28565
66,2020-01-06,notset,referral,13586
67,2020-01-07,AdWords,adwords_bra,50581
68,2020-01-07,AdWords,adwords_pla,36622
69,2020-01-07,AdWords,adwords_rem,1747
70,2020-01-07,HeurekaCz,heureka,19723
71,2020-01-07,RtbHouse,rtbhouse,3898
72,2020-01-07,Silverpop,emailing,50623
73,2020-01-07,Sklik,sklik_bra,11671
74,2020-01-07,Sklik,sklik_pla,614
75,2020-01-07,Sklik,sklik_rem,3153
76,2020-01-07,Sklik,sklik_sea,7831
77,2020-01-07,notset,direct,77259
78,2020-01-07,notset,notset,1420
79,2020-01-07,notset,organic,61087
80,2020-01-07,notset,referral,2337
81,2020-01-08,AdWords,adwords_bra,44272
82,2020-01-08,AdWords,adwords_pla,29192
83,2020-01-08,AdWords,adwords_sea,717
84,2020-01-08,FirmyCz,zbozi,1163
85,2020-01-08,RtbHouse,rtbhouse,43334
86,2020-01-08,Silverpop,emailing,112448
87,2020-01-08,Sklik,sklik_bra,19958
88,2020-01-08,Sklik,sklik_rem,4514
89,2020-01-08,Sklik,sklik_sea,1103
90,2020-01-08,ZboziCz,zbozi,792
91,2020-01-08,notset,direct,54122
92,2020-01-08,notset,notset,5929
93,2020-01-08,notset,organic,18465
94,2020-01-08,notset,referral,14350
95,2020-01-09,AdWords,adwords_bra,50228
96,2020-01-09,AdWords,adwords_pla,104222
97,2020-01-09,AdWords,adwords_rem,11198
98,2020-01-09,HeurekaCz,heureka,1215
99,2020-01-09,RtbHouse,rtbhouse,25810
100,2020-01-09,Silverpop,emailing,26111
101,2020-01-09,Sklik,sklik_bra,26799
102,2020-01-09,Sklik,sklik_rem,5866
103,2020-01-09,notset,direct,45816
104,2020-01-09,notset,notset,782
105,2020-01-09,notset,organic,26795
106,2020-01-09,notset,referral,3374
107,2020-01-10,AdWords,adwords_bra,73218
108,2020-01-10,AdWords,adwords_pla,52127
109,2020-01-10,AdWords,adwords_rem,1508
110,2020-01-10,HeurekaCz,heureka,1613
111,2020-01-10,RtbHouse,rtbhouse,12713
112,2020-01-10,Silverpop,emailing,57537
113,2020-01-10,Sklik,sklik_bra,18086
114,2020-01-10,Sklik,sklik_rem,4067
115,2020-01-10,notset,direct,13234
116,2020-01-10,notset,facebook,4056
117,2020-01-10,notset,organic,26421
118,2020-01-10,notset,referral,6363
119,2020-01-11,AdWords,adwords_bra,10563
120,2020-01-11,AdWords,adwords_pla,26554
121,2020-01-11,HeurekaCz,heureka,1582
122,2020-01-11,RtbHouse,rtbhouse,8860
123,2020-01-11,Silverpop,emailing,33979
124,2020-01-11,Sklik,sklik_bra,2877
125,2020-01-11,Sklik,sklik_pla,3024
126,2020-01-11,notset,direct,13979
127,2020-01-11,notset,organic,880
128,2020-01-11,notset,referral,2510
129,2020-01-12,AdWords,adwords_bra,17370
130,2020-01-12,AdWords,adwords_pla,35374
131,2020-01-12,AdWords,adwords_rem,2251
132,2020-01-12,HeurekaCz,heureka,2324
133,2020-01-12,RtbHouse,rtbhouse,16017
134,2020-01-12,Silverpop,emailing,41548
135,2020-01-12,Sklik,sklik_bra,12658
136,2020-01-12,Sklik,sklik_pla,229
137,2020-01-12,Sklik,sklik_sea,425
138,2020-01-12,ZboziCz,zbozi,2525
139,2020-01-12,notset,direct,31714
140,2020-01-12,notset,organic,15171
141,2020-01-12,notset,referral,10492
142,2020-01-13,AdWords,adwords_bra,49053
143,2020-01-13,AdWords,adwords_pla,49151
144,2020-01-13,AdWords,adwords_rem,1479
145,2020-01-13,HeurekaCz,heureka,11107
146,2020-01-13,RtbHouse,rtbhouse,18349
147,2020-01-13,Silverpop,emailing,62849
148,2020-01-13,Sklik,sklik_bra,27013
149,2020-01-13,Sklik,sklik_pla,704
150,2020-01-13,Sklik,sklik_rem,3182
151,2020-01-13,ZboziCz,zbozi,4525
152,2020-01-13,notset,direct,44244
153,2020-01-13,notset,notset,19996
154,2020-01-13,notset,organic,16940
155,2020-01-14,AdWords,adwords_bra,25832
156,2020-01-14,AdWords,adwords_pla,33306
157,2020-01-14,AdWords,adwords_rem,3718
158,2020-01-14,HeurekaCz,heureka,2122
159,2020-01-14,RtbHouse,rtbhouse,12972
160,2020-01-14,Silverpop,emailing,83963
161,2020-01-14,Sklik,sklik_bra,27070
162,2020-01-14,Sklik,sklik_pla,8621
163,2020-01-14,Sklik,sklik_rem,4680
164,2020-01-14,Sklik,sklik_sea,2580
165,2020-01-14,ZboziCz,zbozi,9854
166,2020-01-14,notset,direct,20761
167,2020-01-14,notset,organic,88154
168,2020-01-14,notset,referral,23137
169,2020-01-15,AdWords,adwords_bra,145330
170,2020-01-15,AdWords,adwords_pla,84370
171,2020-01-15,AdWords,adwords_rem,3557
172,2020-01-15,HeurekaCz,heureka,294
173,2020-01-15,RtbHouse,rtbhouse,11537
174,2020-01-15,Silverpop,emailing,57306
175,2020-01-15,Sklik,sklik_bra,22615
176,2020-01-15,Sklik,sklik_rem,3555
177,2020-01-15,Sklik,sklik_sea,2748
178,2020-01-15,ZboziCz,zbozi,1113
179,2020-01-15,notset,direct,17629
180,2020-01-15,notset,internal,20277
181,2020-01-15,notset,notset,8802
182,2020-01-15,notset,organic,14900
183,2020-01-16,AdWords,adwords_bra,23150
184,2020-01-16,AdWords,adwords_pla,43386
185,2020-01-16,RtbHouse,rtbhouse,10750
186,2020-01-16,Silverpop,emailing,31237
187,2020-01-16,Sklik,sklik_bra,11076
188,2020-01-16,Sklik,sklik_pla,1725
189,2020-01-16,Sklik,sklik_sea,1168
190,2020-01-16,notset,direct,21205
191,2020-01-16,notset,facebook,187
192,2020-01-16,notset,internal,972
193,2020-01-16,notset,notset,3116
194,2020-01-16,notset,organic,22729
195,2020-01-16,notset,referral,5638
196,2020-01-17,AdWords,adwords_bra,37481
197,2020-01-17,AdWords,adwords_pla,16753
198,2020-01-17,AdWords,adwords_rem,535
199,2020-01-17,HeurekaCz,heureka,1409
200,2020-01-17,RtbHouse,rtbhouse,12520
201,2020-01-17,Silverpop,emailing,41977
202,2020-01-17,Sklik,sklik_bra,10609
203,2020-01-17,Sklik,sklik_rem,6818
204,2020-01-17,notset,direct,20121
205,2020-01-17,notset,notset,1151
206,2020-01-17,notset,organic,20582
207,2020-01-17,notset,referral,812
208,2020-01-18,AdWords,adwords_bra,45050
209,2020-01-18,AdWords,adwords_dsa,3109
210,2020-01-18,AdWords,adwords_pla,12513
211,2020-01-18,AdWords,adwords_rem,2923
212,2020-01-18,HeurekaCz,heureka,711
213,2020-01-18,RtbHouse,rtbhouse,3048
214,2020-01-18,Silverpop,emailing,33588
215,2020-01-18,Sklik,sklik_bra,4585
216,2020-01-18,Sklik,sklik_pla,172
217,2020-01-18,Sklik,sklik_sea,3440
218,2020-01-18,ZboziCz,zbozi,1202
219,2020-01-18,notset,direct,9035
220,2020-01-18,notset,organic,5403
221,2020-01-18,notset,referral,4134
222,2020-01-19,AdWords,adwords_bra,27839
223,2020-01-19,AdWords,adwords_pla,15982
224,2020-01-19,RtbHouse,rtbhouse,22133
225,2020-01-19,Silverpop,emailing,91986
226,2020-01-19,Sklik,sklik_bra,19958
227,2020-01-19,Sklik,sklik_pla,756
228,2020-01-19,Sklik,sklik_sea,1533
229,2020-01-19,ZboziCz,zbozi,39539
230,2020-01-19,notset,direct,17814
231,2020-01-19,notset,notset,1061
232,2020-01-19,notset,organic,25384
233,2020-01-19,notset,referral,4270
234,2020-01-20,AdWords,adwords_bra,51442
235,2020-01-20,AdWords,adwords_pla,65964
236,2020-01-20,AdWords,adwords_rem,1982
237,2020-01-20,HeurekaCz,heureka,10006
238,2020-01-20,RtbHouse,rtbhouse,1758
239,2020-01-20,Silverpop,emailing,36336
240,2020-01-20,Sklik,sklik_bra,30419
241,2020-01-20,Sklik,sklik_pla,669
242,2020-01-20,Sklik,sklik_rem,464
243,2020-01-20,Sklik,sklik_sea,821
244,2020-01-20,ZboziCz,zbozi,3686
245,2020-01-20,notset,direct,16434
246,2020-01-20,notset,facebook,3381
247,2020-01-20,notset,notset,1362
248,2020-01-20,notset,organic,38347
249,2020-01-20,notset,referral,1938
250,2020-01-21,AdWords,adwords_bra,21617
251,2020-01-21,AdWords,adwords_pla,43377
252,2020-01-21,HeurekaCz,heureka,456
253,2020-01-21,RtbHouse,rtbhouse,6800
254,2020-01-21,Silverpop,emailing,38054
255,2020-01-21,Sklik,sklik_bra,20074
256,2020-01-21,ZboziCz,zbozi,8597
257,2020-01-21,notset,direct,15043
258,2020-01-21,notset,notset,4905
259,2020-01-21,notset,organic,37078
260,2020-01-21,notset,referral,10271
261,2020-01-22,AdWords,adwords_bra,17258
262,2020-01-22,AdWords,adwords_dsa,5844
263,2020-01-22,AdWords,adwords_pla,53284
264,2020-01-22,AdWords,adwords_rem,2429
265,2020-01-22,HeurekaCz,heureka,222
266,2020-01-22,RtbHouse,rtbhouse,21438
267,2020-01-22,Silverpop,emailing,82653
268,2020-01-22,Sklik,sklik_bra,7454
269,2020-01-22,Sklik,sklik_pla,3941
270,2020-01-22,Sklik,sklik_rem,6065
271,2020-01-22,ZboziCz,zbozi,290
272,2020-01-22,notset,direct,35785
273,2020-01-22,notset,organic,70227
274,2020-01-22,notset,referral,390
275,2020-01-23,AdWords,adwords_bra,18242
276,2020-01-23,AdWords,adwords_pla,21870
277,2020-01-23,AdWords,adwords_rem,1160
278,2020-01-23,HeurekaCz,heureka,4544
279,2020-01-23,RtbHouse,rtbhouse,15066
280,2020-01-23,Silverpop,emailing,102124
281,2020-01-23,Sklik,sklik_bra,26633
282,2020-01-23,Sklik,sklik_pla,435
283,2020-01-23,Sklik,sklik_rem,5615
284,2020-01-23,ZboziCz,zbozi,3433
285,2020-01-23,notset,direct,20906
286,2020-01-23,notset,facebook,1801
287,2020-01-23,notset,notset,576
288,2020-01-23,notset,organic,86264
289,2020-01-23,notset,referral,1490
290,2020-01-24,AdWords,adwords_bra,6063
291,2020-01-24,AdWords,adwords_pla,35087
292,2020-01-24,AdWords,adwords_rem,3265
293,2020-01-24,HeurekaCz,heureka,247
294,2020-01-24,RtbHouse,rtbhouse,18629
295,2020-01-24,Silverpop,emailing,55112
296,2020-01-24,Sklik,sklik_bra,28366
297,2020-01-24,Sklik,sklik_rem,10321
298,2020-01-24,notset,direct,33386
299,2020-01-24,notset,internal,1662
300,2020-01-24,notset,organic,6386
301,2020-01-24,notset,referral,4227
302,2020-01-25,AdWords,adwords_bra,16105
303,2020-01-25,AdWords,adwords_pla,8032
304,2020-01-25,AdWords,adwords_rem,2487
305,2020-01-25,Silverpop,emailing,63733
306,2020-01-25,Sklik,sklik_bra,5358
307,2020-01-25,Sklik,sklik_pla,6372
308,2020-01-25,notset,direct,18677
309,2020-01-25,notset,facebook,1550
310,2020-01-25,notset,organic,6047
311,2020-01-26,AdWords,adwords_bra,12343
312,2020-01-26,AdWords,adwords_pla,45045
313,2020-01-26,AdWords,adwords_rem,14701
314,2020-01-26,HeurekaCz,heureka,5014
315,2020-01-26,RtbHouse,rtbhouse,12438
316,2020-01-26,Silverpop,emailing,58514
317,2020-01-26,Sklik,sklik_bra,17065
318,2020-01-26,Sklik,sklik_rem,1607
319,2020-01-26,ZboziCz,zbozi,570
320,2020-01-26,notset,direct,5734
321,2020-01-26,notset,facebook,805
322,2020-01-26,notset,organic,5981
323,2020-01-26,notset,referral,6821
324,2020-01-27,AdWords,adwords_bra,63010
325,2020-01-27,AdWords,adwords_pla,48182
326,2020-01-27,HeurekaCz,heureka,546
327,2020-01-27,RtbHouse,rtbhouse,29430
328,2020-01-27,Silverpop,emailing,95906
329,2020-01-27,Sklik,sklik_bra,10459
330,2020-01-27,Sklik,sklik_pla,152
331,2020-01-27,Sklik,sklik_rem,10045
332,2020-01-27,notset,direct,12606
333,2020-01-27,notset,organic,19575
334,2020-01-27,notset,referral,676
335,2020-01-28,AdWords,adwords_bra,20557
336,2020-01-28,AdWords,adwords_pla,41640
337,2020-01-28,AdWords,adwords_rem,10720
338,2020-01-28,HeurekaCz,heureka,501
339,2020-01-28,RtbHouse,rtbhouse,4728
340,2020-01-28,Silverpop,emailing,34170
341,2020-01-28,Sklik,sklik_bra,11639
342,2020-01-28,Sklik,sklik_pla,1157
343,2020-01-28,Sklik,sklik_rem,3053
344,2020-01-28,Sklik,sklik_sea,5224
345,2020-01-28,notset,direct,26824
346,2020-01-28,notset,organic,26767
347,2020-01-29,AdWords,adwords_bra,58289
348,2020-01-29,AdWords,adwords_pla,49677
349,2020-01-29,AdWords,adwords_rem,10903
350,2020-01-29,HeurekaCz,heureka,605
351,2020-01-29,RtbHouse,rtbhouse,7050
352,2020-01-29,Silverpop,emailing,85732
353,2020-01-29,Sklik,sklik_bra,16855
354,2020-01-29,Sklik,sklik_rem,5752
355,2020-01-29,ZboziCz,zbozi,1075
356,2020-01-29,notset,direct,21455
357,2020-01-29,notset,organic,42866
358,2020-01-29,notset,referral,975
359,2020-01-30,AdWords,adwords_bra,19580
360,2020-01-30,AdWords,adwords_pla,55999
361,2020-01-30,AdWords,adwords_rem,1847
362,2020-01-30,AdWords,adwords_sea,491
363,2020-01-30,HeurekaCz,heureka,1733
364,2020-01-30,RtbHouse,rtbhouse,1666
365,2020-01-30,Silverpop,emailing,82950
366,2020-01-30,Sklik,sklik_bra,8335
367,2020-01-30,Sklik,sklik_pla,2906
368,2020-01-30,Sklik,sklik_rem,4711
369,2020-01-30,ZboziCz,zbozi,10475
370,2020-01-30,notset,direct,64482
371,2020-01-30,notset,internal,10192
372,2020-01-30,notset,organic,20843
373,2020-01-30,notset,referral,778
374,2020-01-31,AdWords,adwords_bra,59114
375,2020-01-31,AdWords,adwords_pla,22351
376,2020-01-31,AdWords,adwords_rem,1699
377,2020-01-31,RtbHouse,rtbhouse,40638
378,2020-01-31,Silverpop,emailing,69191
379,2020-01-31,Sklik,sklik_bra,19648
380,2020-01-31,Sklik,sklik_pla,2218
381,2020-01-31,Sklik,sklik_rem,246
382,2020-01-31,notset,direct,45624
383,2020-01-31,notset,facebook,592
384,2020-01-31,notset,organic,27945
385,2020-01-31,notset,referral,4543
386,2020-02-01,AdWords,adwords_bra,3218
387,2020-02-01,AdWords,adwords_pla,13500
388,2020-02-01,AdWords,adwords_rem,3290
389,2020-02-01,RtbHouse,rtbhouse,15317
390,2020-02-01,Silverpop,emailing,27490
391,2020-02-01,Sklik,sklik_bra,1921
392,2020-02-01,Sklik,sklik_pla,158
393,2020-02-01,notset,direct,16433
394,2020-02-01,notset,organic,4376
395,2020-02-01,notset,referral,3682
396,2020-02-02,AdWords,adwords_bra,46233
397,2020-02-02,AdWords,adwords_pla,31322
398,2020-02-02,AdWords,adwords_rem,4565
399,2020-02-02,RtbHouse,rtbhouse,33930
400,2020-02-02,Silverpop,emailing,43715
401,2020-02-02,Sklik,sklik_bra,20447
402,2020-02-02,Sklik,sklik_pla,116
403,2020-02-02,Sklik,sklik_sea,821
404,2020-02-02,ZboziCz,zbozi,2864
405,2020-02-02,notset,direct,39020
406,2020-02-02,notset,organic,8253
407,2020-02-02,notset,referral,1440
408,2020-02-03,AdWords,adwords_bra,47258
409,2020-02-03,AdWords,adwords_pla,45684
410,2020-02-03,AdWords,adwords_rem,19041
411,2020-02-03,HeurekaCz,heureka,2462
412,2020-02-03,RtbHouse,rtbhouse,2866
413,2020-02-03,Silverpop,emailing,68944
414,2020-02-03,Sklik,sklik_bra,12679
415,2020-02-03,Sklik,sklik_pla,89
416,2020-02-03,ZboziCz,zbozi,3994
417,2020-02-03,notset,direct,52464
418,2020-02-03,notset,facebook,3797
419,2020-02-03,notset,notset,7603
420,2020-02-03,notset,organic,16451
421,2020-02-04,AdWords,adwords_bra,27836
422,2020-02-04,AdWords,adwords_pla,60461
423,2020-02-04,RtbHouse,rtbhouse,27690
424,2020-02-04,Silverpop,emailing,53311
425,2020-02-04,Sklik,sklik_bra,24612
426,2020-02-04,Sklik,sklik_pla,1097
427,2020-02-04,Sklik,sklik_rem,680
428,2020-02-04,ZboziCz,zbozi,3957
429,2020-02-04,notset,direct,32568
430,2020-02-04,notset,organic,17403
431,2020-02-04,notset,referral,4516
432,2020-02-05,AdWords,adwords_bra,10560
433,2020-02-05,AdWords,adwords_pla,45024
434,2020-02-05,AdWords,adwords_rem,1956
435,2020-02-05,HeurekaCz,heureka,116
436,2020-02-05,RtbHouse,rtbhouse,15420
437,2020-02-05,Silverpop,emailing,37672
438,2020-02-05,Sklik,sklik_bra,5524
439,2020-02-05,Sklik,sklik_pla,5997
440,2020-02-05,Sklik,sklik_sea,707
441,2020-02-05,ZboziCz,zbozi,14478
442,2020-02-05,notset,direct,71767
443,2020-02-05,notset,facebook,853
444,2020-02-05,notset,organic,9904
445,2020-02-05,notset,referral,4238
446,2020-02-06,AdWords,adwords_bra,40123
447,2020-02-06,AdWords,adwords_pla,67244
448,2020-02-06,FirmyCz,zbozi,3524
449,2020-02-06,HeurekaCz,heureka,2024
450,2020-02-06,RtbHouse,rtbhouse,16647
451,2020-02-06,Silverpop,emailing,65229
452,2020-02-06,Sklik,sklik_bra,33076
453,2020-02-06,Sklik,sklik_sea,216
454,2020-02-06,ZboziCz,zbozi,549
455,2020-02-06,notset,direct,56276
456,2020-02-06,notset,internal,2290
457,2020-02-06,notset,notset,1444
458,2020-02-06,notset,organic,12694
459,2020-02-06,notset,referral,498
460,2020-02-07,AdWords,adwords_bra,20869
461,2020-02-07,AdWords,adwords_pla,27666
462,2020-02-07,HeurekaCz,heureka,1961
463,2020-02-07,RtbHouse,rtbhouse,4037
464,2020-02-07,Silverpop,emailing,45342
465,2020-02-07,Sklik,sklik_bra,3066
466,2020-02-07,Sklik,sklik_pla,2394
467,2020-02-07,notset,direct,49237
468,2020-02-07,notset,facebook,2882
469,2020-02-07,notset,internal,38920
470,2020-02-07,notset,notset,2226
471,2020-02-07,notset,organic,7877
472,2020-02-07,notset,referral,4958
473,2020-02-08,AdWords,adwords_bra,4983
474,2020-02-08,AdWords,adwords_pla,41239
475,2020-02-08,AdWords,adwords_rem,2272
476,2020-02-08,RtbHouse,rtbhouse,2489
477,2020-02-08,Silverpop,emailing,36680
478,2020-02-08,Sklik,sklik_pla,328
479,2020-02-08,Sklik,sklik_sea,697
480,2020-02-08,ZboziCz,zbozi,728
481,2020-02-08,notset,direct,4367
482,2020-02-08,notset,internal,1082
483,2020-02-08,notset,notset,2654
484,2020-02-08,notset,organic,8967
485,2020-02-08,notset,referral,467
486,2020-02-09,AdWords,adwords_bra,17387
487,2020-02-09,AdWords,adwords_pla,53592
488,2020-02-09,AdWords,adwords_rem,9292
489,2020-02-09,HeurekaCz,heureka,4965
490,2020-02-09,RtbHouse,rtbhouse,20798
491,2020-02-09,Silverpop,emailing,32583
492,2020-02-09,Sklik,sklik_bra,10966
493,2020-02-09,Sklik,sklik_sea,337
494,2020-02-09,ZboziCz,zbozi,469
495,2020-02-09,notset,direct,17382
496,2020-02-09,notset,facebook,2318
497,2020-02-09,notset,organic,8862
498,2020-02-09,notset,referral,8262
499,2020-02-10,AdWords,adwords_bra,45996
500,2020-02-10,AdWords,adwords_pla,38608
501,2020-02-10,AdWords,adwords_rem,542
502,2020-02-10,HeurekaCz,heureka,11709
503,2020-02-10,RtbHouse,rtbhouse,16605
504,2020-02-10,Silverpop,emailing,107596
505,2020-02-10,Sklik,sklik_bra,13016
506,2020-02-10,Sklik,sklik_pla,743
507,2020-02-10,Sklik,sklik_rem,4490
508,2020-02-10,notset,direct,26820
509,2020-02-10,notset,organic,26644
510,2020-02-10,notset,referral,4181
511,2020-02-11,AdWords,adwords_bra,20672
512,2020-02-11,AdWords,adwords_pla,36334
513,2020-02-11,AdWords,adwords_rem,578
514,2020-02-11,AdWords,adwords_sea,1755
515,2020-02-11,HeurekaCz,heureka,2379
516,2020-02-11,RtbHouse,rtbhouse,29187
517,2020-02-11,Silverpop,emailing,65106
518,2020-02-11,Sklik,sklik_bra,23965
519,2020-02-11,Sklik,sklik_rem,21397
520,2020-02-11,notset,direct,29993
521,2020-02-11,notset,facebook,3714
522,2020-02-11,notset,internal,1316
523,2020-02-11,notset,organic,44212
524,2020-02-11,notset,referral,7167
525,2020-02-12,AdWords,adwords_bra,44999
526,2020-02-12,AdWords,adwords_pla,65628
527,2020-02-12,AdWords,adwords_rem,2991
528,2020-02-12,AdWords,adwords_sea,2225
529,2020-02-12,HeurekaCz,heureka,328
530,2020-02-12,RtbHouse,rtbhouse,12165
531,2020-02-12,Silverpop,emailing,43604
532,2020-02-12,Sklik,sklik_bra,22320
533,2020-02-12,notset,direct,29923
534,2020-02-12,notset,facebook,1513
535,2020-02-12,notset,notset,3513
536,2020-02-12,notset,organic,75088
537,2020-02-13,AdWords,adwords_bra,29814
538,2020-02-13,AdWords,adwords_pla,61241
539,2020-02-13,AdWords,adwords_rem,1194
540,2020-02-13,AdWords,adwords_sea,958
541,2020-02-13,HeurekaCz,heureka,1206
542,2020-02-13,RtbHouse,rtbhouse,22941
543,2020-02-13,Silverpop,emailing,43431
544,2020-02-13,Sklik,sklik_bra,26644
545,2020-02-13,Sklik,sklik_rem,912
546,2020-02-13,ZboziCz,zbozi,234
547,2020-02-13,notset,direct,15814
548,2020-02-13,notset,internal,10075
549,2020-02-13,notset,organic,8029
550,2020-02-14,AdWords,adwords_bra,37100
551,2020-02-14,AdWords,adwords_pla,47548
552,2020-02-14,AdWords,adwords_rem,4952
553,2020-02-14,AdWords,adwords_sea,270
554,2020-02-14,HeurekaCz,heureka,11085
555,2020-02-14,RtbHouse,rtbhouse,58595
556,2020-02-14,Silverpop,emailing,106044
557,2020-02-14,Sklik,sklik_bra,13971
558,2020-02-14,Sklik,sklik_pla,855
559,2020-02-14,Sklik,sklik_rem,8997
560,2020-02-14,notset,direct,5399
561,2020-02-14,notset,facebook,6472
562,2020-02-14,notset,notset,4905
563,2020-02-14,notset,organic,13447
564,2020-02-15,AdWords,adwords_bra,10132
565,2020-02-15,AdWords,adwords_pla,18036
566,2020-02-15,AdWords,adwords_rem,19349
567,2020-02-15,RtbHouse,rtbhouse,5333
568,2020-02-15,Silverpop,emailing,49229
569,2020-02-15,Sklik,sklik_bra,30244
570,2020-02-15,Sklik,sklik_rem,3835
571,2020-02-15,ZboziCz,zbozi,3646
572,2020-02-15,notset,direct,9992
573,2020-02-15,notset,organic,5751
574,2020-02-15,notset,referral,2803
575,2020-02-16,AdWords,adwords_bra,19599
576,2020-02-16,AdWords,adwords_pla,58265
577,2020-02-16,AdWords,adwords_rem,4042
578,2020-02-16,HeurekaCz,heureka,93
579,2020-02-16,RtbHouse,rtbhouse,25016
580,2020-02-16,Silverpop,emailing,92938
581,2020-02-16,Sklik,sklik_bra,8649
582,2020-02-16,Sklik,sklik_pla,1115
583,2020-02-16,Sklik,sklik_rem,5405
584,2020-02-16,notset,direct,15977
585,2020-02-16,notset,internal,1768
586,2020-02-16,notset,organic,15831
587,2020-02-16,notset,referral,1093
588,2020-02-17,AdWords,adwords_bra,19225
589,2020-02-17,AdWords,adwords_pla,46005
590,2020-02-17,AdWords,adwords_rem,1421
591,2020-02-17,HeurekaCz,heureka,246
592,2020-02-17,RtbHouse,rtbhouse,29028
593,2020-02-17,Silverpop,emailing,80754
594,2020-02-17,Sklik,sklik_bra,15327
595,2020-02-17,Sklik,sklik_pla,8763
596,2020-02-17,Sklik,sklik_rem,1928
597,2020-02-17,Sklik,sklik_sea,1540
598,2020-02-17,notset,direct,33096
599,2020-02-17,notset,facebook,1994
600,2020-02-17,notset,notset,1481
601,2020-02-17,notset,organic,69821
602,2020-02-18,AdWords,adwords_bra,51617
603,2020-02-18,AdWords,adwords_pla,38291
604,2020-02-18,AdWords,adwords_rem,1066
605,2020-02-18,HeurekaCz,heureka,159
606,2020-02-18,RtbHouse,rtbhouse,12508
607,2020-02-18,Silverpop,emailing,35635
608,2020-02-18,Sklik,sklik_bra,31595
609,2020-02-18,Sklik,sklik_sea,1181
610,2020-02-18,notset,direct,127018
611,2020-02-18,notset,facebook,1802
612,2020-02-18,notset,notset,1348
613,2020-02-18,notset,organic,42801
614,2020-02-18,notset,referral,10669
615,2020-02-19,AdWords,adwords_bra,16219
616,2020-02-19,AdWords,adwords_pla,44245
617,2020-02-19,AdWords,adwords_rem,5001
618,2020-02-19,HeurekaCz,heureka,644
619,2020-02-19,RtbHouse,rtbhouse,18409
620,2020-02-19,Silverpop,emailing,50655
621,2020-02-19,Sklik,sklik_bra,25824
622,2020-02-19,Sklik,sklik_pla,969
623,2020-02-19,Sklik,sklik_rem,3537
624,2020-02-19,notset,direct,23393
625,2020-02-19,notset,facebook,891
626,2020-02-19,notset,notset,491
627,2020-02-19,notset,organic,16003
628,2020-02-19,notset,referral,4331
629,2020-02-20,AdWords,adwords_bra,14301
630,2020-02-20,AdWords,adwords_pla,65471
631,2020-02-20,AdWords,adwords_rem,13183
632,2020-02-20,HeurekaCz,heureka,2510
633,2020-02-20,RtbHouse,rtbhouse,15212
634,2020-02-20,Silverpop,emailing,89333
635,2020-02-20,Sklik,sklik_bra,15931
636,2020-02-20,Sklik,sklik_pla,1794
637,2020-02-20,ZboziCz,zbozi,257
638,2020-02-20,notset,direct,39919
639,2020-02-20,notset,internal,979
640,2020-02-20,notset,organic,42947
641,2020-02-20,notset,referral,413
642,2020-02-21,AdWords,adwords_bra,48104
643,2020-02-21,AdWords,adwords_pla,24752
644,2020-02-21,AdWords,adwords_rem,3006
645,2020-02-21,HeurekaCz,heureka,328
646,2020-02-21,RtbHouse,rtbhouse,593
647,2020-02-21,Silverpop,emailing,83330
648,2020-02-21,Sklik,sklik_bra,11809
649,2020-02-21,notset,direct,11008
650,2020-02-21,notset,internal,2459
651,2020-02-21,notset,notset,10785
652,2020-02-21,notset,organic,11197
653,2020-02-21,notset,referral,2465
654,2020-02-22,AdWords,adwords_bra,22959
655,2020-02-22,AdWords,adwords_pla,14690
656,2020-02-22,AdWords,adwords_rem,6920
657,2020-02-22,RtbHouse,rtbhouse,8540
658,2020-02-22,Silverpop,emailing,45604
659,2020-02-22,Sklik,sklik_bra,12702
660,2020-02-22,Sklik,sklik_rem,2440
661,2020-02-22,notset,direct,16822
662,2020-02-22,notset,internal,629
663,2020-02-22,notset,organic,9103
664,2020-02-22,notset,referral,880
665,2020-02-23,AdWords,adwords_bra,11239
666,2020-02-23,AdWords,adwords_pla,30029
667,2020-02-23,AdWords,adwords_rem,5282
668,2020-02-23,HeurekaCz,heureka,394
669,2020-02-23,RtbHouse,rtbhouse,10208
670,2020-02-23,Silverpop,emailing,38321
671,2020-02-23,Sklik,sklik_bra,5915
672,2020-02-23,Sklik,sklik_pla,247
673,2020-02-23,Sklik,sklik_rem,4529
674,2020-02-23,notset,direct,20215
675,2020-02-23,notset,notset,3579
676,2020-02-23,notset,organic,23795
677,2020-02-23,notset,referral,3667
678,2020-02-24,AdWords,adwords_bra,63211
679,2020-02-24,AdWords,adwords_pla,55257
680,2020-02-24,AdWords,adwords_rem,4850
681,2020-02-24,RtbHouse,rtbhouse,19643
682,2020-02-24,Silverpop,emailing,40088
683,2020-02-24,Sklik,sklik_bra,6333
684,2020-02-24,Sklik,sklik_pla,1550
685,2020-02-24,Sklik,sklik_rem,175
686,2020-02-24,notset,direct,43418
687,2020-02-24,notset,notset,3109
688,2020-02-24,notset,organic,11527
689,2020-02-24,notset,referral,468
690,2020-02-25,AdWords,adwords_bra,11982
691,2020-02-25,AdWords,adwords_pla,29586
692,2020-02-25,AdWords,adwords_rem,2750
693,2020-02-25,AdWords,adwords_sea,4709
694,2020-02-25,HeurekaCz,heureka,1035
695,2020-02-25,RtbHouse,rtbhouse,18737
696,2020-02-25,Silverpop,emailing,20808
697,2020-02-25,Sklik,sklik_bra,19686
698,2020-02-25,Sklik,sklik_rem,1598
699,2020-02-25,ZboziCz,zbozi,9453
700,2020-02-25,notset,direct,66137
701,2020-02-25,notset,organic,29763
702,2020-02-25,notset,referral,4722
703,2020-02-26,AdWords,adwords_bra,14990
704,2020-02-26,AdWords,adwords_pla,120650
705,2020-02-26,AdWords,adwords_rem,7943
706,2020-02-26,HeurekaCz,heureka,1354
707,2020-02-26,RtbHouse,rtbhouse,23039
708,2020-02-26,Silverpop,emailing,41383
709,2020-02-26,Sklik,sklik_bra,26876
710,2020-02-26,ZboziCz,zbozi,37602
711,2020-02-26,notset,direct,68333
712,2020-02-26,notset,notset,1258
713,2020-02-26,notset,organic,18000
714,2020-02-26,notset,referral,14508
715,2020-02-27,AdWords,adwords_bra,35447
716,2020-02-27,AdWords,adwords_pla,56793
717,2020-02-27,AdWords,adwords_rem,727
718,2020-02-27,HeurekaCz,heureka,512
719,2020-02-27,RtbHouse,rtbhouse,7332
720,2020-02-27,Silverpop,emailing,15843
721,2020-02-27,Sklik,sklik_bra,7322
722,2020-02-27,notset,direct,49995
723,2020-02-27,notset,notset,1246
724,2020-02-27,notset,organic,11791
725,2020-02-27,notset,referral,584
726,2020-02-28,AdWords,adwords_bra,19346
727,2020-02-28,AdWords,adwords_pla,40450
728,2020-02-28,AdWords,adwords_rem,2763
729,2020-02-28,HeurekaCz,heureka,2478
730,2020-02-28,RtbHouse,rtbhouse,22198
731,2020-02-28,Silverpop,emailing,66960
732,2020-02-28,Sklik,sklik_bra,12826
733,2020-02-28,Sklik,sklik_pla,4394
734,2020-02-28,Sklik,sklik_sea,4005
735,2020-02-28,notset,direct,45548
736,2020-02-28,notset,internal,10513
737,2020-02-28,notset,organic,25082
738,2020-02-28,notset,referral,1044
739,2020-02-29,AdWords,adwords_bra,60243
740,2020-02-29,AdWords,adwords_pla,13757
741,2020-02-29,HeurekaCz,heureka,3558
742,2020-02-29,RtbHouse,rtbhouse,13203
743,2020-02-29,Silverpop,emailing,24795
744,2020-02-29,Sklik,sklik_bra,1572
745,2020-02-29,Sklik,sklik_rem,401
746,2020-02-29,Sklik,sklik_sea,5912
747,2020-02-29,notset,direct,7552
748,2020-02-29,notset,organic,10467
749,2020-02-29,notset,referral,1180
750,2020-03-01,AdWords,adwords_bra,11460
751,2020-03-01,AdWords,adwords_pla,39732
752,2020-03-01,AdWords,adwords_rem,1174
753,2020-03-01,RtbHouse,rtbhouse,19127
754,2020-03-01,Silverpop,emailing,99080
755,2020-03-01,Sklik,sklik_bra,7507
756,2020-03-01,Sklik,sklik_pla,539
757,2020-03-01,Sklik,sklik_rem,1671
758,2020-03-01,notset,direct,7963
759,2020-03-01,notset,notset,1620
760,2020-03-01,notset,organic,4992
761,2020-03-02,AdWords,adwords_bra,15633
762,2020-03-02,AdWords,adwords_pla,100880
763,2020-03-02,AdWords,adwords_rem,1290
764,2020-03-02,HeurekaCz,heureka,2167
765,2020-03-02,RtbHouse,rtbhouse,8327
766,2020-03-02,Silverpop,emailing,128461
767,2020-03-02,Sklik,sklik_bra,24650
768,2020-03-02,Sklik,sklik_pla,1778
769,2020-03-02,Sklik,sklik_sea,1567
770,2020-03-02,ZboziCz,zbozi,3668
771,2020-03-02,notset,direct,18758
772,2020-03-02,notset,internal,206
773,2020-03-02,notset,notset,1208
774,2020-03-02,notset,organic,31381
775,2020-03-02,notset,referral,866
776,2020-03-03,AdWords,adwords_bra,12818
777,2020-03-03,AdWords,adwords_pla,39332
778,2020-03-03,AdWords,adwords_rem,9422
779,2020-03-03,AdWords,adwords_sea,639
780,2020-03-03,HeurekaCz,heureka,5983
781,2020-03-03,RtbHouse,rtbhouse,41108
782,2020-03-03,Silverpop,emailing,46683
783,2020-03-03,Sklik,sklik_bra,6359
784,2020-03-03,Sklik,sklik_pla,4387
785,2020-03-03,Sklik,sklik_rem,2722
786,2020-03-03,Sklik,sklik_sea,707
787,2020-03-03,ZboziCz,zbozi,1809
788,2020-03-03,notset,direct,10359
789,2020-03-03,notset,facebook,4457
790,2020-03-03,notset,organic,16035
791,2020-03-03,notset,referral,5292
792,2020-03-04,AdWords,adwords_bra,33364
793,2020-03-04,AdWords,adwords_pla,32274
794,2020-03-04,AdWords,adwords_rem,1486
795,2020-03-04,HeurekaCz,heureka,3624
796,2020-03-04,RtbHouse,rtbhouse,11037
797,2020-03-04,Silverpop,emailing,73712
798,2020-03-04,Sklik,sklik_bra,5087
799,2020-03-04,Sklik,sklik_pla,128
800,2020-03-04,Sklik,sklik_rem,4045
801,2020-03-04,notset,direct,18882
802,2020-03-04,notset,facebook,1486
803,2020-03-04,notset,internal,1532
804,2020-03-04,notset,organic,19932
805,2020-03-05,AdWords,adwords_bra,33141
806,2020-03-05,AdWords,adwords_pla,55703
807,2020-03-05,AdWords,adwords_rem,3332
808,2020-03-05,HeurekaCz,heureka,2581
809,2020-03-05,RtbHouse,rtbhouse,2872
810,2020-03-05,Silverpop,emailing,46125
811,2020-03-05,Sklik,sklik_bra,57867
812,2020-03-05,Sklik,sklik_rem,403
813,2020-03-05,Sklik,sklik_sea,2452
814,2020-03-05,ZboziCz,zbozi,64003
815,2020-03-05,notset,direct,59947
816,2020-03-05,notset,notset,5491
817,2020-03-05,notset,organic,22110
818,2020-03-06,AdWords,adwords_bra,27570
819,2020-03-06,AdWords,adwords_pla,56610
820,2020-03-06,AdWords,adwords_sea,1174
821,2020-03-06,HeurekaCz,heureka,8440
822,2020-03-06,RtbHouse,rtbhouse,6394
823,2020-03-06,Silverpop,emailing,46581
824,2020-03-06,Sklik,sklik_bra,7222
825,2020-03-06,Sklik,sklik_pla,1562
826,2020-03-06,Sklik,sklik_rem,39
827,2020-03-06,notset,direct,19291
828,2020-03-06,notset,facebook,951
829,2020-03-06,notset,notset,2011
830,2020-03-06,notset,organic,31765
831,2020-03-07,AdWords,adwords_bra,18665
832,2020-03-07,AdWords,adwords_pla,27337
833,2020-03-07,HeurekaCz,heureka,1287
834,2020-03-07,RtbHouse,rtbhouse,24172
835,2020-03-07,Silverpop,emailing,54927
836,2020-03-07,Sklik,sklik_bra,5506
837,2020-03-07,Sklik,sklik_rem,6614
838,2020-03-07,ZboziCz,zbozi,293
839,2020-03-07,notset,direct,4955
840,2020-03-07,notset,internal,2149
841,2020-03-07,notset,notset,2210
842,2020-03-07,notset,organic,48654
843,2020-03-07,notset,referral,1833
844,2020-03-08,AdWords,adwords_bra,15402
845,2020-03-08,AdWords,adwords_pla,57014
846,2020-03-08,AdWords,adwords_rem,7975
847,2020-03-08,AdWords,adwords_sea,1576
848,2020-03-08,HeurekaCz,heureka,2062
849,2020-03-08,RtbHouse,rtbhouse,19705
850,2020-03-08,Silverpop,emailing,65864
851,2020-03-08,Sklik,sklik_bra,13162
852,2020-03-08,Sklik,sklik_pla,3395
853,2020-03-08,Sklik,sklik_rem,3286
854,2020-03-08,notset,direct,36838
855,2020-03-08,notset,facebook,3927
856,2020-03-08,notset,organic,6149
857,2020-03-09,AdWords,adwords_bra,46020
858,2020-03-09,AdWords,adwords_pla,35184
859,2020-03-09,HeurekaCz,heureka,1455
860,2020-03-09,RtbHouse,rtbhouse,13391
861,2020-03-09,Silverpop,emailing,37307
862,2020-03-09,Sklik,sklik_bra,3004
863,2020-03-09,Sklik,sklik_pla,1196
864,2020-03-09,Sklik,sklik_rem,2941
865,2020-03-09,ZboziCz,zbozi,3759
866,2020-03-09,notset,direct,42446
867,2020-03-09,notset,organic,18917
868,2020-03-09,notset,referral,1409
869,2020-03-10,AdWords,adwords_bra,11621
870,2020-03-10,AdWords,adwords_pla,42522
871,2020-03-10,AdWords,adwords_rem,3990
872,2020-03-10,RtbHouse,rtbhouse,15867
873,2020-03-10,Silverpop,emailing,72150
874,2020-03-10,Sklik,sklik_bra,14186
875,2020-03-10,Sklik,sklik_pla,1048
876,2020-03-10,Sklik,sklik_sea,337
877,2020-03-10,ZboziCz,zbozi,1743
878,2020-03-10,notset,direct,63233
879,2020-03-10,notset,facebook,8807
880,2020-03-10,notset,internal,4092
881,2020-03-10,notset,notset,16764
882,2020-03-10,notset,organic,23680
883,2020-03-11,AdWords,adwords_bra,46212
884,2020-03-11,AdWords,adwords_pla,23091
885,2020-03-11,HeurekaCz,heureka,1500
886,2020-03-11,RtbHouse,rtbhouse,26865
887,2020-03-11,Silverpop,emailing,88618
888,2020-03-11,Sklik,sklik_bra,30824
889,2020-03-11,Sklik,sklik_rem,3762
890,2020-03-11,ZboziCz,zbozi,1709
891,2020-03-11,notset,direct,48401
892,2020-03-11,notset,notset,6699
893,2020-03-11,notset,organic,26382
894,2020-03-11,notset,referral,4882
895,2020-03-12,AdWords,adwords_bra,71405
896,2020-03-12,AdWords,adwords_pla,44885
897,2020-03-12,RtbHouse,rtbhouse,47123
898,2020-03-12,Silverpop,emailing,73668
899,2020-03-12,Sklik,sklik_bra,7924
900,2020-03-12,Sklik,sklik_rem,1298
901,2020-03-12,ZboziCz,zbozi,18635
902,2020-03-12,notset,direct,72956
903,2020-03-12,notset,internal,9672
904,2020-03-12,notset,organic,7967
905,2020-03-13,AdWords,adwords_bra,9075
906,2020-03-13,AdWords,adwords_pla,46434
907,2020-03-13,HeurekaCz,heureka,9548
908,2020-03-13,RtbHouse,rtbhouse,9637
909,2020-03-13,Silverpop,emailing,97103
910,2020-03-13,Sklik,sklik_bra,13537
911,2020-03-13,Sklik,sklik_rem,182
912,2020-03-13,ZboziCz,zbozi,3145
913,2020-03-13,notset,direct,46677
914,2020-03-13,notset,organic,20820
915,2020-03-13,notset,referral,8203
916,2020-03-14,AdWords,adwords_bra,11967
917,2020-03-14,AdWords,adwords_pla,38498
918,2020-03-14,AdWords,adwords_sea,242
919,2020-03-14,RtbHouse,rtbhouse,5201
920,2020-03-14,Silverpop,emailing,57052
921,2020-03-14,Sklik,sklik_bra,2372
922,2020-03-14,ZboziCz,zbozi,1111
923,2020-03-14,notset,direct,2433
924,2020-03-14,notset,notset,1356
925,2020-03-14,notset,organic,9388
926,2020-03-14,notset,referral,226
927,2020-03-15,AdWords,adwords_bra,17072
928,2020-03-15,AdWords,adwords_pla,35582
929,2020-03-15,AdWords,adwords_rem,2495
930,2020-03-15,HeurekaCz,heureka,9728
931,2020-03-15,RtbHouse,rtbhouse,18440
932,2020-03-15,Silverpop,emailing,76995
933,2020-03-15,Sklik,sklik_bra,3800
934,2020-03-15,Sklik,sklik_pla,397
935,2020-03-15,Sklik,sklik_rem,410
936,2020-03-15,notset,direct,40210
937,2020-03-15,notset,organic,7596
938,2020-03-16,AdWords,adwords_bra,17163
939,2020-03-16,AdWords,adwords_pla,43043
940,2020-03-16,RtbHouse,rtbhouse,2178
941,2020-03-16,Silverpop,emailing,46885
942,2020-03-16,Sklik,sklik_bra,2495
943,2020-03-16,Sklik,sklik_rem,1911
944,2020-03-16,ZboziCz,zbozi,5678
945,2020-03-16,notset,direct,23284
946,2020-03-16,notset,organic,21150
947,2020-03-17,AdWords,adwords_bra,24369
948,2020-03-17,AdWords,adwords_pla,34584
949,2020-03-17,AdWords,adwords_rem,3188
950,2020-03-17,HeurekaCz,heureka,1484
951,2020-03-17,RtbHouse,rtbhouse,2606
952,2020-03-17,Silverpop,emailing,85107
953,2020-03-17,Sklik,sklik_bra,11051
954,2020-03-17,Sklik,sklik_pla,385
955,2020-03-17,Sklik,sklik_sea,337
956,2020-03-17,ZboziCz,zbozi,979
957,2020-03-17,notset,direct,12776
958,2020-03-17,notset,organic,5331
959,2020-03-17,notset,referral,986
960,2020-03-18,AdWords,adwords_bra,15296
961,2020-03-18,AdWords,adwords_pla,33461
962,2020-03-18,AdWords,adwords_rem,5636
963,2020-03-18,HeurekaCz,heureka,394
964,2020-03-18,RtbHouse,rtbhouse,19298
965,2020-03-18,Silverpop,emailing,43703
966,2020-03-18,Sklik,sklik_bra,10548
967,2020-03-18,Sklik,sklik_pla,491
968,2020-03-18,Sklik,sklik_rem,410
969,2020-03-18,ZboziCz,zbozi,1849
970,2020-03-18,notset,direct,48724
971,2020-03-18,notset,internal,560
972,2020-03-18,notset,notset,1287
973,2020-03-19,AdWords,adwords_bra,31174
974,2020-03-19,AdWords,adwords_pla,92387
975,2020-03-19,HeurekaCz,heureka,1665
976,2020-03-19,RtbHouse,rtbhouse,691
977,2020-03-19,Silverpop,emailing,43359
978,2020-03-19,Sklik,sklik_bra,5521
979,2020-03-19,Sklik,sklik_pla,539
980,2020-03-19,Sklik,sklik_rem,2886
981,2020-03-19,ZboziCz,zbozi,119
982,2020-03-19,notset,direct,35043
983,2020-03-19,notset,notset,2538
984,2020-03-19,notset,organic,7498
985,2020-03-19,notset,referral,1503
986,2020-03-20,AdWords,adwords_bra,24895
987,2020-03-20,AdWords,adwords_pla,78424
988,2020-03-20,AdWords,adwords_rem,2746
989,2020-03-20,HeurekaCz,heureka,435
990,2020-03-20,RtbHouse,rtbhouse,21117
991,2020-03-20,Silverpop,emailing,50982
992,2020-03-20,Sklik,sklik_bra,11851
993,2020-03-20,ZboziCz,zbozi,543
994,2020-03-20,notset,direct,23785
995,2020-03-20,notset,internal,328
996,2020-03-20,notset,organic,24256
997,2020-03-20,notset,referral,1996
998,2020-03-21,AdWords,adwords_bra,3501
999,2020-03-21,AdWords,adwords_pla,23889
1000,2020-03-21,HeurekaCz,heureka,33923
1001,2020-03-21,RtbHouse,rtbhouse,76369
1002,2020-03-21,Silverpop,emailing,31706
1003,2020-03-21,Sklik,sklik_bra,25924
1004,2020-03-21,Sklik,sklik_pla,2953
1005,2020-03-21,Sklik,sklik_rem,7322
1006,2020-03-21,Sklik,sklik_sea,800
1007,2020-03-21,ZboziCz,zbozi,81
1008,2020-03-21,notset,direct,1758
1009,2020-03-21,notset,facebook,1057
1010,2020-03-21,notset,organic,25834
1011,2020-03-21,notset,referral,1184
1012,2020-03-22,AdWords,adwords_bra,52870
1013,2020-03-22,AdWords,adwords_pla,64175
1014,2020-03-22,AdWords,adwords_sea,723
1015,2020-03-22,HeurekaCz,heureka,302
1016,2020-03-22,RtbHouse,rtbhouse,32476
1017,2020-03-22,Silverpop,emailing,49561
1018,2020-03-22,Sklik,sklik_bra,2457
1019,2020-03-22,Sklik,sklik_pla,1450
1020,2020-03-22,Sklik,sklik_rem,2748
1021,2020-03-22,ZboziCz,zbozi,687
1022,2020-03-22,notset,direct,12681
1023,2020-03-22,notset,internal,1056
1024,2020-03-22,notset,organic,6239
1025,2020-03-23,AdWords,adwords_bra,97804
1026,2020-03-23,AdWords,adwords_pla,55009
1027,2020-03-23,HeurekaCz,heureka,14874
1028,2020-03-23,RtbHouse,rtbhouse,20420
1029,2020-03-23,Silverpop,emailing,40019
1030,2020-03-23,Sklik,sklik_bra,38605
1031,2020-03-23,Sklik,sklik_pla,514
1032,2020-03-23,Sklik,sklik_rem,1231
1033,2020-03-23,notset,direct,29518
1034,2020-03-23,notset,facebook,3298
1035,2020-03-23,notset,notset,758
1036,2020-03-23,notset,organic,16158
1037,2020-03-23,notset,referral,11436
1038,2020-03-24,AdWords,adwords_bra,24040
1039,2020-03-24,AdWords,adwords_pla,66304
1040,2020-03-24,HeurekaCz,heureka,2384
1041,2020-03-24,Silverpop,emailing,60001
1042,2020-03-24,Sklik,sklik_bra,10456
1043,2020-03-24,Sklik,sklik_rem,4653
1044,2020-03-24,notset,direct,20158
1045,2020-03-24,notset,internal,1762
1046,2020-03-24,notset,organic,29612
1047,2020-03-24,notset,referral,4146
1048,2020-03-25,AdWords,adwords_bra,17670
1049,2020-03-25,AdWords,adwords_pla,48311
1050,2020-03-25,AdWords,adwords_rem,6116
1051,2020-03-25,AdWords,adwords_sea,2316
1052,2020-03-25,HeurekaCz,heureka,5757
1053,2020-03-25,Silverpop,emailing,89085
1054,2020-03-25,Sklik,sklik_bra,1216
1055,2020-03-25,Sklik,sklik_pla,988
1056,2020-03-25,Sklik,sklik_rem,12876
1057,2020-03-25,notset,direct,16408
1058,2020-03-25,notset,notset,3900
1059,2020-03-25,notset,organic,1741
1060,2020-03-25,notset,referral,1064
